"lead_id","name","website_presence","website_url","renewal_opportunity","priority","proposal_type","text_outreach_available","personalization_status","outreach_status"
"jr-0d5985a0a9","リラクボディ","confirmed","https://rirakubody.com/","large","high","renewal","false","ready","reviewed"
"kuu-39f9feb25f","ヘアーデザインKUU","confirmed","http://hair-design-kuu.jp/","large","high","renewal","false","ready","reviewed"
"pure-blue-nail-25b69032f7","PURE BLUE NAIL","unconfirmed","","not_applicable","high","new_site","true","ready","reviewed"
"barber-bolt-381bbaa31d","barber bolt（ボルト）","confirmed","https://www.bolt-mukonosou.com/","large","high","renewal","false","ready","reviewed"
"rise-hair-9be189d17d","Rise Hair","unconfirmed","","not_applicable","high","new_site","false","ready","reviewed"
"hair-room-e9ua-1a81318101","hair room e9ua(ヘアルーム エクア)","confirmed","http://e9ua.com/","large","high","renewal","false","ready","reviewed"
"le-jardin-8ee53a0873","Le Jardin ル・ジャルダン園田店","confirmed","http://jardin-net.com/jardin-sonoda/index.html","large","high","renewal","false","ready","reviewed"
"lead-56a328603c","ひまわり美容室","unconfirmed","","not_applicable","high","new_site","false","ready","reviewed"
"lead-a10ee41734","美容室かんしゃ","confirmed","http://www.eonet.ne.jp/~kansha/","large","high","renewal","false","ready","reviewed"
"blanket-56a8a17427","blanket 園田","confirmed","https://r.goope.jp/blanket-hair/","large","high","renewal","false","ready","reviewed"
"lead-21208a38c7","アロマリラクゼーションサロン沙羅","confirmed","http://sara.qcweb.jp/","large","high","renewal","false","ready","reviewed"
"hair-atelier-00a911d70f","魔女の手仕事〜hair atelier〜","unconfirmed","","not_applicable","high","new_site","false","ready","reviewed"
"hellows-a506d16f9c","HELLOWS","unconfirmed","","not_applicable","high","new_site","false","ready","reviewed"
"bang-doll-0447715dfa","Bang-doll","confirmed","https://bangdoll.xyz/","large","high","renewal","false","ready","reviewed"
"lead-a565b7e553","ロリ","unconfirmed","","not_applicable","high","new_site","false","ready","reviewed"
"hair-space-cappio-69badac92e","Hair Space Cappio","confirmed","https://cappiopio.com/","large","high","renewal","false","ready","reviewed"
"petite-etoile-5fde81a466","Petite Etoile","confirmed","https://petite-etoile.my.canva.site/","large","high","renewal","false","ready","reviewed"
"bois-hair-98a6d70281","BOIS HAIR","confirmed","https://bois-hair.com/","large","high","renewal","false","ready","reviewed"
"hair-lyle-c17b5c07b1","hair Lyle.（ヘアーライル）","confirmed","http://www.lyle.jp/","large","high","renewal","false","ready","reviewed"
"field-loco-873ac8b4ba","field loco（フィールドロコ）","confirmed","https://field65.com/","large","high","renewal","true","ready","reviewed"
"sakura-888a85b35f","エステティック SaKuRa","confirmed","https://www.sakurasaku-39.net/","large","high","renewal","true","ready","reviewed"
"sakura-spa-esthetics-2153e12fc9","SAKURA Spa esthetics","confirmed","http://sakuraspa.jp/","large","high","renewal","false","ready","reviewed"
"lead-bf835ef615","美羊室ひつじ","confirmed","http://hitsuji-salon.com/","large","medium","renewal","false","ready","reviewed"
"mimi-princess-d57611b582","Mimi Princess","confirmed","https://mimi-princess.com/","medium","medium","renewal","true","ready","reviewed"
"seura-eyelash-beauty-5c364ffd54","SEURA. eyelash&beauty","confirmed","https://seura-salon.com/","medium","medium","renewal","true","ready","reviewed"
"chillout-0895ebfa9f","美容室chillout（チルアウト）","confirmed","https://www.chillout-hair.net/","medium","medium","renewal","true","ready","reviewed"
"bagus-3ee1ec6d06","BAGUS（メンズ美容室 バグース）","confirmed","https://www.bagushair.com/","undetermined","medium","other","true","ready","reviewed"
"lily-hair-12d26704cd","LiLy hair(リリーヘアー)","confirmed","https://www.lilyhair0928.com/","medium","medium","reservation_lp","true","ready","reviewed"
"cut-spa-silk-7b1869fa68","Cut&Spa Silk","confirmed","https://www.silknana.site/","medium","medium","reservation_lp","false","ready","reviewed"
"hair-salon-roll-c378ab8cfc","Hair Salon ROLL（ヘアーサロン ロール）","confirmed","https://hairsalon-roll.com/","medium","medium","renewal","true","ready","reviewed"
"lead-6cdb062f1c","美容室こさめ","confirmed","https://www.cosamedeyukkuri.com/","medium","medium","renewal","true","ready","reviewed"
"loop-hair-f63cc1ae23","Loop hair（ループヘアー）","confirmed","https://www.loop-hair.jp/","medium","medium","renewal","true","ready","reviewed"
"morrow-a784c7030a","Morrow（モロー）","confirmed","http://hairmake-morrow.com/","undetermined","medium","renewal","false","missing","blocked_personalization"
"ashu-852794fa5e","カットスタジオ アッシュ -ASHU-","confirmed","https://ashu-hairsaron0210.net/","medium","medium","renewal","true","ready","reviewed"
"refine-jr-7458305e83","尼崎 美容室 Refine.（リファイン）JR尼崎店","confirmed","https://www.hair-refine.jp/","medium","medium","renewal","true","ready","reviewed"
"lead-e1befa5263","La Vaughn（ラ・ヴォーン）","confirmed","https://saigonotoride.jp/","medium","medium","renewal","false","ready","reviewed"
"roger-coiffure-f645c828a3","ROGER COIFFURE","unconfirmed","","not_applicable","medium","new_site","false","ready","reviewed"
"nillu-a97bba5a3c","NILLU 阪急塚口店","unconfirmed","","not_applicable","medium","new_site","false","ready","reviewed"
"ciao-aba21ce579","Ciao（チャオ）","confirmed","http://ciao-hair.com/","medium","medium","renewal","false","ready","reviewed"
"lil-d93573ffc3","LiL'阪神尼崎【リル】","unconfirmed","","not_applicable","medium","new_site","false","ready","reviewed"
"rinda-beauty-salon-2230bce766","Rinda Beauty Salon","confirmed","https://rindabeautysalon.jp/","undetermined","medium","renewal","false","ready","reviewed"
"modek-s-amagasaki-75ace1e5f1","modek's Amagasaki","unconfirmed","","not_applicable","medium","new_site","false","ready","reviewed"
"off-2f3af40df9","髪きり屋off","unconfirmed","","not_applicable","medium","new_site","false","ready","reviewed"
"barber-ka-z-5bac745370","Barber Ka'z","unconfirmed","","not_applicable","medium","new_site","false","ready","reviewed"
"lead-1b69187acf","大月","unconfirmed","","not_applicable","medium","new_site","false","ready","reviewed"
"lead-66cd85e828","おしゃれ床屋べーやん","unconfirmed","","not_applicable","medium","new_site","false","ready","reviewed"
"lead-a2c3953677","サロンドアベニュー","unconfirmed","","not_applicable","medium","new_site","false","ready","reviewed"
"lead-1d9ba79c69","カットハウスシャンプーボーイ","unconfirmed","","not_applicable","medium","new_site","false","ready","reviewed"
"revia-e380505883","Revia(レヴィア)","unconfirmed","","not_applicable","medium","new_site","false","ready","reviewed"
"la-mer-45350c3d9b","La Mer(ラ・メール)","unconfirmed","","not_applicable","medium","new_site","false","ready","reviewed"
"little-happiness-e4658e9501","エステ＆リラクゼーションサロン Little Happiness","unconfirmed","","not_applicable","medium","new_site","false","ready","reviewed"
"lead-e7000d29bc","メナード フェイシャルサロン ミニアングル","unconfirmed","","not_applicable","medium","new_site","false","ready","reviewed"
"lead-87f72045e9","メナード フェイシャルサロン フランマロール","unconfirmed","","not_applicable","medium","new_site","false","ready","reviewed"
"salon-de-lkj-cfbe639b7b","Salon de LKJ","confirmed","https://lkj-academy.com/salon.html","medium","medium","renewal","false","ready","reviewed"
"sherin-8f98908480","Sherin(シェリン)","unconfirmed","","not_applicable","medium","new_site","false","ready","reviewed"
"your-corner-2057c158ef","Your Corner","unconfirmed","","not_applicable","medium","new_site","false","ready","reviewed"
"lead-c0662f8e1b","脱毛サロン ルチアーノ 尼崎店","unconfirmed","","not_applicable","medium","new_site","false","ready","reviewed"
"lead-5fa43a4cb7","ヘアーステーションコープ 園田店","confirmed","http://www.hsc1978.jp/","medium","medium","renewal","false","ready","reviewed"
"crescent-hair-362420f486","クレセントヘアー CRESCENT HAIR","confirmed","http://www.crescent-hair.jp/","undetermined","medium","new_site","false","ready","reviewed"
"sheets-02c445c01f","SHEETS 園田店","unconfirmed","","not_applicable","medium","new_site","false","ready","reviewed"
"alles-d0f069d6f0","ALLES 園田店","unconfirmed","","not_applicable","medium","new_site","false","ready","reviewed"
"hair-make-gorge-e3ced07d7b","hair make Gorge'","unconfirmed","","not_applicable","medium","new_site","false","ready","reviewed"
"reset-1d6f0490d6","ReSET 阪急園田店","confirmed","http://www.re-set.tv/index.html","undetermined","medium","renewal","false","ready","reviewed"
"style-in-balance-b8db49d17b","Style in Balance","unconfirmed","","not_applicable","medium","new_site","false","ready","reviewed"
"hair-space-bloom-hero-2692576a57","HAIR SPACE BLOOM hero(ヘアースペースブルーム ヒーロー)","confirmed","http://www.bloom1995.com/hero.html","undetermined","medium","other","false","ready","reviewed"
"hair-make-dizzy-d82f77d426","Hair Make Dizzy","unconfirmed","","not_applicable","medium","new_site","false","ready","reviewed"
"hair-esthete-japs-5ca084d7b6","Hair & Esthete JAPS","unconfirmed","","not_applicable","medium","new_site","false","ready","reviewed"
"lead-fe41fca458","マロン美容室 ホテル前店","unconfirmed","","not_applicable","medium","new_site","false","ready","reviewed"
"lead-3b8407554f","マロン美容室 西難波店","confirmed","http://www.marronbeauty.com/nishinanba.html","medium","medium","renewal","false","ready","reviewed"
"will-e97918d8ae","ヘアースタジオWill","unconfirmed","","not_applicable","medium","new_site","false","ready","reviewed"
"grado-707afb9289","GRADO","unconfirmed","","not_applicable","medium","new_site","false","ready","reviewed"
"lead-225a74e7e2","ヘアーサロン・アンジュ","confirmed","http://ange-hairsalon.net/","medium","medium","renewal","false","ready","reviewed"
"nim-hair-4fda1621c6","Nim hair 武庫之荘","confirmed","https://nimhair.pwa.1cs.jp/","medium","medium","renewal","false","ready","reviewed"
"oro-59c38e42a9","ORO 武庫之荘店","confirmed","https://www.oro-beauty.jp/salon_mukonoso","medium","medium","renewal","false","ready","reviewed"
"mool-hair-24a489be9f","MOOL hair 武庫之荘店","unconfirmed","","not_applicable","medium","new_site","false","ready","reviewed"
"lead-27310b10fc","ヘアーサロン ア・レーズ","unconfirmed","","not_applicable","medium","new_site","false","ready","reviewed"
"lead-b2d4a3f9b3","モンステラ塚口店","unconfirmed","","not_applicable","medium","new_site","false","ready","reviewed"
"fufu-6aa987d9c0","ヘアカラー専門店fufu 立花店","unconfirmed","","not_applicable","medium","new_site","false","ready","reviewed"
"hair-space-bloom-hero-85eeb044ab","HAIR SPACE BLOOM hero 園田店","unconfirmed","","not_applicable","medium","new_site","false","ready","reviewed"
"anc-526d0f964f","anc","unconfirmed","","not_applicable","medium","new_site","false","ready","reviewed"
"infinity-3cc364a75b","INFINITY","unconfirmed","","not_applicable","medium","new_site","false","ready","reviewed"
"mint-cdbddf5578","Mint（ミント）女性専用リラクゼーションサロン","confirmed","https://mint-salon.com/","medium","medium","renewal","true","ready","reviewed"
"lead-332b46f68a","メナードフェイシャルサロン 尼崎道意","unconfirmed","","not_applicable","medium","new_site","false","ready","reviewed"
"emelu-532a292d2e","emelu","unconfirmed","","not_applicable","medium","new_site","false","ready","reviewed"
"amoroso-d59522c545","amoroso","unconfirmed","","not_applicable","medium","new_site","false","ready","reviewed"
"sincerity-c57dd11e9b","SINCERITY","unconfirmed","","not_applicable","medium","new_site","false","ready","reviewed"
"hope-salon-42ba0b3c85","hope salon","unconfirmed","","not_applicable","medium","new_site","false","ready","reviewed"
"pada-8d05b5d05e","PADA","unconfirmed","","not_applicable","medium","new_site","false","ready","reviewed"
"source-bed44c41e4","SOURCE 塚口","unconfirmed","","not_applicable","medium","new_site","false","ready","reviewed"
"men-s-source-940f009538","MEN'S SOURCE 塚口","unconfirmed","","not_applicable","medium","new_site","false","ready","reviewed"
"hair-care-salon-schon-c1b1360989","hair care salon Schon","unconfirmed","","not_applicable","medium","new_site","false","ready","reviewed"
"lien-ciel-6d3ea0a753","Lien Ciel","unconfirmed","","not_applicable","medium","new_site","false","ready","reviewed"
"melmo-aroma-hair-cf0a522c13","melmo aroma hair","unconfirmed","","not_applicable","medium","new_site","false","ready","reviewed"
"solo-by-feria-1cf8e05a61","SOLO by FERIA","unconfirmed","","not_applicable","medium","new_site","false","ready","reviewed"
"avance-359a2587af","AVANCE. 尼崎","unconfirmed","","not_applicable","medium","new_site","false","ready","reviewed"
"manaz-88672712c8","MANAZ 阪神尼崎","unconfirmed","","not_applicable","medium","new_site","false","ready","reviewed"
"angelica-jr-df1df34b16","ANGELICA JR尼崎店","confirmed","https://www.angelica-hair.shop/","medium","medium","renewal","false","ready","reviewed"
"mens-salon-sou-by-luau-ae9b1573ed","MENS salon SOU by LUAU","unconfirmed","","not_applicable","medium","new_site","false","ready","reviewed"
"cecil-hair-jr-a0fede1d30","Cecil hair JR尼崎店","confirmed","http://www.cecil-hair.com/","undetermined","medium","other","false","ready","reviewed"
"aina-f6a0c32c2b","AINA","unconfirmed","","not_applicable","medium","new_site","false","ready","reviewed"
"magnolia-by-water-lily-eedb7d2958","Magnolia by Water Lily","unconfirmed","","not_applicable","medium","new_site","false","ready","reviewed"
"hair-salon-mist-46f3a3dd4d","HAIR SALON MIST","unconfirmed","","not_applicable","medium","new_site","false","ready","reviewed"
"bringe-dfc2e78620","BRINGE","unconfirmed","","not_applicable","medium","new_site","false","ready","reviewed"
"sky-tsukaguchi-620a1fb815","Sky tsukaguchi","unconfirmed","","not_applicable","medium","new_site","false","ready","reviewed"
"barber-keen-ffb07ccc11","BARBER KEEN","confirmed","https://barber-keen.com/","medium","medium","reservation_lp","true","ready","reviewed"
"lead-aebb62e89a","チャーリーブラウン","unconfirmed","","not_applicable","medium","new_site","false","ready","reviewed"
"lead-561c9ff6b4","シンコー美容室","unconfirmed","","not_applicable","medium","new_site","false","ready","reviewed"
"treat-2db5db9531","TREAT","unconfirmed","","not_applicable","medium","new_site","false","ready","reviewed"
"violetta-hair-space-0f7db36b19","VIOLETTA Hair & Space","confirmed","http://hair-violetta.com/","medium","medium","renewal","false","ready","reviewed"
"lead-b0b1121de7","ゆらゆら美容室","unconfirmed","","not_applicable","medium","new_site","false","ready","reviewed"
"lead-3945be24fb","ラ・ミューゼリゾート","unconfirmed","","not_applicable","medium","new_site","false","ready","reviewed"
"lead-98d09b768d","リルーク.ヘアー","unconfirmed","","not_applicable","medium","new_site","false","ready","reviewed"
"chloe-hair-1284d1b28e","Chloe hair","unconfirmed","","not_applicable","medium","new_site","false","ready","reviewed"
"freyatotalbeautysalon-e48555186a","FreyaTotalBeautySalon","unconfirmed","","not_applicable","medium","new_site","false","ready","reviewed"
"grace-hair-smilism-931e7b574a","grace hair SMILism","unconfirmed","","not_applicable","medium","new_site","false","ready","reviewed"
"hair-relax-snug-bf87eabd60","hair & relax Snug","unconfirmed","","not_applicable","medium","new_site","false","ready","reviewed"
"settle-e02745fb5e","Settle","unconfirmed","","not_applicable","medium","new_site","false","ready","reviewed"
"lococo-organics-label-3cc0507eda","LOCOCO organics label","unconfirmed","","not_applicable","medium","new_site","false","ready","reviewed"
"rond-f937e73c2e","Rond","unconfirmed","","not_applicable","medium","new_site","false","ready","reviewed"
"lead-7171944e49","すずらん美容室","unconfirmed","","not_applicable","medium","new_site","false","ready","reviewed"
"hair-gallery-avant-18fe3028c7","HAIR GALLERY Avant","unconfirmed","","not_applicable","medium","new_site","false","ready","reviewed"
"lead-0a539fee3a","ヘアースタジオアート塚口店","unconfirmed","","not_applicable","medium","new_site","false","ready","reviewed"
"lead-cdfa8f3b94","ピノ","unconfirmed","","not_applicable","medium","new_site","false","ready","reviewed"
"ratuna-bac1496663","Ratuna","unconfirmed","","not_applicable","medium","new_site","false","ready","reviewed"
"hairsalon-elite-3e5ee97862","hairsalon elite","unconfirmed","","not_applicable","medium","new_site","false","ready","reviewed"
"lead-a85124bc77","美容室くわはら","unconfirmed","","not_applicable","medium","new_site","false","ready","reviewed"
"lead-1034b2123d","カノン","unconfirmed","","not_applicable","medium","new_site","false","ready","reviewed"
"re-born-d155a3ede7","Re・Born","unconfirmed","","not_applicable","medium","new_site","false","ready","reviewed"
"jr-65e7a5a4a3","美容サラJR立花店","unconfirmed","","not_applicable","medium","new_site","false","ready","reviewed"
"mode-k-s-briller-2cecc78003","MODE K's Briller","unconfirmed","","not_applicable","medium","new_site","false","ready","reviewed"
"lead-1a2fb70889","はあとねいる塚口店","unconfirmed","","not_applicable","medium","new_site","false","ready","reviewed"
"switch-a5f15deefe","SWITCH","unconfirmed","","not_applicable","medium","new_site","false","ready","reviewed"
"edit-704d415771","edit ネイル","unconfirmed","","not_applicable","medium","new_site","false","ready","reviewed"
"aimer-1cd79d0a6d","Aimer","unconfirmed","","not_applicable","medium","new_site","false","ready","reviewed"
"fooflow-a3b5fad319","Fooflow","unconfirmed","","not_applicable","medium","new_site","false","ready","reviewed"
"megami-eyelash-lounge-5c5efe3674","MEGAMI EYELASH LOUNGE","unconfirmed","","not_applicable","medium","new_site","false","ready","reviewed"
"eyelash-iona-b1b71fbbd9","eyelash iona","unconfirmed","","not_applicable","medium","new_site","false","ready","reviewed"
"genic-matsugenoomise-8f459fc651","genic_MATSUGEnoOMISE","unconfirmed","","not_applicable","medium","new_site","false","ready","reviewed"
"nest-b09c31a9e9","フェイシャルサロンnest+","unconfirmed","","not_applicable","medium","new_site","false","ready","reviewed"
"esthetic-salon-miku-s-48e8a33dc3","Esthetic Salon Miku's","unconfirmed","","not_applicable","medium","new_site","false","ready","reviewed"
"lead-63a9095f84","アキュビューティー","unconfirmed","","not_applicable","medium","new_site","false","ready","reviewed"
"sakura-spa-eyelash-esthethic-82d19d7673","SAKURA Spa eyelash&esthethics","unconfirmed","","not_applicable","medium","new_site","false","ready","reviewed"
"mi-rror-beautyrepro-3f8fef9ab6","Mi RROR Beautyrepro","unconfirmed","","not_applicable","medium","new_site","false","ready","reviewed"
"lead-57ec4c98ea","メナードフェイシャルサロン ノオラ","unconfirmed","","not_applicable","medium","new_site","false","ready","reviewed"
"siro-53ce878df5","フェイシャルケアSIRO","unconfirmed","","not_applicable","medium","new_site","false","ready","reviewed"
"salon-miwa-c5e0fd12ae","Salon MIWA","unconfirmed","","not_applicable","medium","new_site","false","ready","reviewed"
"kanon-fd3754b7a6","アロマとほぐしのお店〜香音。〜kanon","unconfirmed","","not_applicable","medium","new_site","false","ready","reviewed"
"plage-772f8653a7","よもぎ蒸しサロンplage","unconfirmed","","not_applicable","medium","new_site","false","ready","reviewed"
"beauty-salon-kleopatra-1212edb1fc","Beauty salon KleoPatra","unconfirmed","","not_applicable","medium","new_site","false","ready","reviewed"
"lead-6a7de40b57","ほぐしの楽田 阪神尼崎駅前","unconfirmed","","not_applicable","medium","new_site","false","ready","reviewed"
"lead-fb65e70501","美容室コラソン","unconfirmed","","not_applicable","medium","new_site","false","ready","reviewed"
"lead-81ab99cd2b","ジェニー","unconfirmed","","not_applicable","medium","new_site","false","ready","reviewed"
"lead-c0f65bf31a","松浦理容店","unconfirmed","","not_applicable","medium","new_site","false","ready","reviewed"
"lead-8461c948d4","サロン・モーブ","unconfirmed","","not_applicable","medium","new_site","false","ready","reviewed"
"lead-79fed2c8e2","ヘアー&フェイスこーむ","unconfirmed","","not_applicable","medium","new_site","false","ready","reviewed"
"su-r-eb8de6cbe7","sûr","confirmed","https://sur.cx/","undetermined","medium","other","false","ready","reviewed"
"shoji-39119a496a","ヘアースタジオSHOJI","unconfirmed","","not_applicable","medium","new_site","false","ready","reviewed"
"lead-768f36340b","いずみ美容室","unconfirmed","","not_applicable","medium","new_site","false","ready","reviewed"
"lead-41f966e39d","光美容室","unconfirmed","","not_applicable","medium","new_site","false","ready","reviewed"
"lead-da65b84f0f","ヘアーサロンリーベ","confirmed","https://liebe-hairsalon.com/","medium","medium","reservation_lp","false","ready","reviewed"
"hair-mode-kt-40d081f25d","Hair Mode KT 尼崎本店","unconfirmed","","not_applicable","medium","new_site","false","ready","reviewed"
"lead-f004963c90","パーミング","unconfirmed","","not_applicable","medium","new_site","false","ready","reviewed"
"hot-lip-hair-3f17b5cd9c","Hot Lip hair","confirmed","http://hotlip-hair.com/","undetermined","medium","new_site","false","ready","reviewed"
"lead-b67ed18984","パール美容室","unconfirmed","","not_applicable","medium","new_site","false","ready","reviewed"
"tresor-ab58bea669","TRESOR","unconfirmed","","not_applicable","medium","new_site","false","ready","reviewed"
"asai-2ede57500d","美容室ASAI","unconfirmed","","not_applicable","medium","new_site","false","ready","reviewed"
"pony-39f64fd4a9","PoNy","unconfirmed","","not_applicable","medium","new_site","false","ready","reviewed"
"hairspacezero-bfa6ff680c","HairSpaceZERO","unconfirmed","","not_applicable","medium","new_site","false","ready","reviewed"
"salon-d-avenue-8741dfa4b4","Salon d'Avenue","unconfirmed","","not_applicable","medium","new_site","false","ready","reviewed"
"noma-beauty-salon-feeb609a40","Noma Beauty Salon","unconfirmed","","not_applicable","medium","new_site","false","ready","reviewed"
"moze-27c24f68ee","MOZE美容室","unconfirmed","","not_applicable","medium","new_site","false","ready","reviewed"
"lead-28aa79599a","フジ美容室","unconfirmed","","not_applicable","medium","new_site","false","ready","reviewed"
"lead-decd48340d","シバ美容室","unconfirmed","","not_applicable","medium","new_site","false","ready","reviewed"
"lead-5da38752b9","カトレヤ美容室","unconfirmed","","not_applicable","medium","new_site","false","ready","reviewed"
"qilala-f0e0fdceb8","Qilala","unconfirmed","","not_applicable","medium","new_site","true","ready","reviewed"
"lead-6c58f29e87","ロン美容室","unconfirmed","","not_applicable","medium","new_site","false","ready","reviewed"
"lead-0d990758ae","ヴェール&みどり美容室","unconfirmed","","not_applicable","medium","new_site","false","ready","reviewed"
"lead-d60cbfc564","ぱぴるす美容室","unconfirmed","","not_applicable","medium","new_site","false","ready","reviewed"
"lead-594dfd71b8","かつら美容室","unconfirmed","","not_applicable","medium","new_site","false","ready","reviewed"
"casta-e41e1a47dc","CASTA","unconfirmed","","not_applicable","medium","new_site","false","ready","reviewed"
"lead-6dea1398df","ヘアークリエイティブサロンナカミズ","unconfirmed","","not_applicable","medium","new_site","false","ready","reviewed"
"hana-80e356a386","美容室Hana","unconfirmed","","not_applicable","medium","new_site","false","ready","reviewed"
"lead-83e162cef5","田能理容所","unconfirmed","","not_applicable","medium","new_site","false","missing","blocked_personalization"
"lead-7168f1897f","雄二美容室","unconfirmed","","not_applicable","medium","new_site","false","ready","reviewed"
"lands-f7b6cccb83","LANDS","unconfirmed","","not_applicable","medium","new_site","false","ready","reviewed"
"lead-25de5bec94","アイ・アム美容室","unconfirmed","","not_applicable","medium","new_site","false","ready","reviewed"
"greenly-1c71caf997","greenly","unconfirmed","","not_applicable","medium","new_site","false","ready","reviewed"
"clip-elm-f8d0a44d99","clip elm","unconfirmed","","not_applicable","medium","new_site","false","ready","reviewed"
"sunny-e0ecb656b8","SUNNY（サニー）","unconfirmed","","not_applicable","medium","new_site","false","ready","reviewed"
"japs-2b45238def","ヘアー＆エステJAPS","unconfirmed","","not_applicable","medium","new_site","false","ready","reviewed"
"salon-cookie-b0c5529c15","Salon.Cookie","unconfirmed","","not_applicable","medium","new_site","false","ready","reviewed"
"hair-make-sutela-2e85c4a5c4","hair make SUTELA","unconfirmed","","not_applicable","medium","new_site","false","ready","reviewed"
"lead-a5562203ee","葛予美容室","unconfirmed","","not_applicable","medium","new_site","false","ready","reviewed"
"spice-ac74178e31","SPICE【スパイス】","unconfirmed","","not_applicable","medium","new_site","false","missing","blocked_personalization"
"oud-7f1fd81aae","ウード（OUD）","unconfirmed","","not_applicable","medium","new_site","false","ready","reviewed"
"lead-0396fb6795","センター美容室","unconfirmed","","not_applicable","medium","new_site","false","ready","reviewed"
"grans-d965d1535d","GRANS","unconfirmed","","not_applicable","medium","new_site","false","ready","reviewed"
"lead-558a7bff23","ヘアースタジオヴァースト","unconfirmed","","not_applicable","medium","new_site","false","ready","reviewed"
"lead-6631479db6","スマイルカラー","unconfirmed","","not_applicable","medium","new_site","false","ready","reviewed"
"carra-salon-8d6064e478","Carra Salon","unconfirmed","","not_applicable","medium","new_site","false","ready","reviewed"
"lead-d21b508f27","ぴょんぴょん","unconfirmed","","not_applicable","medium","new_site","false","missing","blocked_personalization"
"lead-48f98a9099","尼崎エーサロン","unconfirmed","","not_applicable","medium","new_site","false","ready","reviewed"
"lead-3cd03d3b11","サロン・ドエクラ","unconfirmed","","not_applicable","medium","new_site","false","missing","blocked_personalization"
"bambina-nail-eyelash-75d840b6fe","Bambina Nail&eyelash【バンビーナ】","unconfirmed","","not_applicable","medium","new_site","false","ready","reviewed"
"men-women-nail-eyebrow-salon-8648727e42","MEN&WOMEN NAIL・EYEBROW Salon.Pudding【サロンドットプディング】","unconfirmed","","not_applicable","medium","new_site","false","ready","reviewed"
"mies-nails-eyelash-563406c0d5","mies nails.ミィスネイルズ eyelash","unconfirmed","","not_applicable","medium","new_site","false","ready","reviewed"
"nail-salon-ebliss-bbda35ca37","Nail salon ebliss","unconfirmed","","not_applicable","medium","new_site","false","ready","reviewed"
"c-three-7b27e62360","C three","unconfirmed","","not_applicable","medium","new_site","false","ready","reviewed"
"nail-salon-berry-e6ff5e3430","nail salon Berry","unconfirmed","","not_applicable","medium","new_site","false","ready","reviewed"
"rufleu-c6878afa53","フェイシャルエステ・脱毛サロン rufleu【ルフル】","unconfirmed","","not_applicable","medium","new_site","false","ready","reviewed"
"kirei-aa055b4f55","トータルビューティサロン Kirei 水月の湯店","unconfirmed","","not_applicable","medium","new_site","false","ready","reviewed"
"known-by-evolucion-fdb88e9282","Known by evolucion","unconfirmed","","not_applicable","medium","new_site","false","ready","reviewed"
"loin-04a272f0e4","loin.【ロワン】","unconfirmed","","not_applicable","medium","new_site","false","ready","reviewed"
"hair-salon-drop-2122daad20","hair salon drop","unconfirmed","","not_applicable","medium","new_site","false","ready","reviewed"
"lead-3cf7111c18","ヘアーカットたに","unconfirmed","","not_applicable","medium","new_site","false","ready","reviewed"
"battery-hair-make-ce35385cdc","Battery hair&make ビエラ塚口店","unconfirmed","","not_applicable","medium","new_site","false","ready","reviewed"
"oro-d95bed39c9","ORO 塚口店【オーロ】","unconfirmed","","not_applicable","medium","new_site","false","ready","reviewed"
"reuna-be9dd3410c","Reuna 塚口【レウーナ】","unconfirmed","","not_applicable","medium","new_site","false","ready","reviewed"
"ciron-e851f186ae","Ciron【シロン】","unconfirmed","","not_applicable","medium","new_site","false","ready","reviewed"
"sai-87df748fe7","sai【サイ】","unconfirmed","","not_applicable","medium","new_site","false","ready","reviewed"
"attrait-48b0686129","attrait塚口","unconfirmed","","not_applicable","medium","new_site","false","ready","reviewed"
"nifty-a60f022a8b","Nifty【ニフティー】","unconfirmed","","not_applicable","medium","new_site","false","ready","reviewed"
"lead-367b35259e","ネイルサロン 桜","unconfirmed","","not_applicable","medium","new_site","false","ready","reviewed"
"lino-ab57486f57","Lino【リノ】","unconfirmed","","not_applicable","medium","new_site","false","ready","reviewed"
"hair-space-tal-ke-19e7287538","hair space TAL'KE 武庫之荘","unconfirmed","","not_applicable","medium","new_site","false","ready","reviewed"
"briller-hair-salon-f3436ecb95","BRILLER hair salon【ブリエ】","unconfirmed","","not_applicable","medium","new_site","false","ready","reviewed"
"atre-35e59900a5","髪質改善 Atre. 武庫之荘","unconfirmed","","not_applicable","medium","new_site","false","ready","reviewed"
"chainon-ec2e52af24","CHAINON 武庫之荘【シェノン】","unconfirmed","","not_applicable","medium","new_site","false","ready","reviewed"
"yolo-006fb74a09","YoLo.【ヨロ】","unconfirmed","","not_applicable","medium","new_site","false","ready","reviewed"
"enu-d247c831cc","enu 武庫之荘店【エヌ】","unconfirmed","","not_applicable","medium","new_site","false","ready","reviewed"
"salo-a6f39cfab0","Salo【サロ】","unconfirmed","","not_applicable","medium","new_site","false","ready","reviewed"
"lead-222ee98f27","和み癒(なごみいやす)","confirmed","https://nagomi-iyasu.com/","undetermined","medium","renewal","false","ready","reviewed"
"lead-c0c944be85","リラクゼーションサロン せいらん","unconfirmed","","not_applicable","medium","new_site","false","ready","reviewed"
"terrace-504f2fd066","テラス 武庫之荘店（TERRACE）","unconfirmed","","not_applicable","medium","new_site","false","ready","reviewed"
"code-line-b7978ad6f1","CODE.LINE 立花店","unconfirmed","","not_applicable","medium","new_site","false","ready","reviewed"
"lisoi-47f9ff98a7","リソワ 尼崎園田（Lisoi）","unconfirmed","","not_applicable","medium","new_site","false","ready","reviewed"
"lead-7c86907912","美容室円","unconfirmed","","not_applicable","medium","new_site","false","missing","blocked_personalization"
"lead-2f2baa47ee","リード","unconfirmed","","not_applicable","medium","new_site","false","missing","blocked_personalization"
"lulu-2ee2e38126","ルル(lulu)","unconfirmed","","not_applicable","medium","new_site","false","ready","reviewed"
"elu-by-dice-b4bb887c92","美髪矯正サロン Elu by Dice","unconfirmed","","not_applicable","medium","new_site","false","ready","reviewed"
"dice-c34a77e9c1","Dice 髪質改善/メンズ/韓国へア","unconfirmed","","not_applicable","medium","new_site","false","ready","reviewed"
"cien-a214cb7ffa","CIEN【シエン】","unconfirmed","","not_applicable","medium","new_site","false","ready","reviewed"
"reber-62e7b5c524","Reber【リベル】","unconfirmed","","not_applicable","medium","new_site","false","ready","reviewed"
"for-you-22b9682a86","美容室 FOR YOU【フォーユー】","unconfirmed","","not_applicable","medium","new_site","false","ready","reviewed"
"place-hair-3321caafd6","Place Hair【プレイスヘアー】","unconfirmed","","not_applicable","medium","new_site","false","ready","reviewed"
"ante-02489a6fc7","ANTE【アンテ】","unconfirmed","","not_applicable","medium","new_site","false","ready","reviewed"
"estela-74bde28d54","ESTELA","unconfirmed","","not_applicable","medium","new_site","false","ready","reviewed"
"venti-hair-spa-49f9da9c12","Venti hair&spa","unconfirmed","","not_applicable","medium","new_site","false","ready","reviewed"
"luxu-hair-spa-58ec478512","LUXU hair&spa","unconfirmed","","not_applicable","medium","new_site","false","ready","reviewed"
"barber-shop-zon-d1109184b6","barber shop ZoN","unconfirmed","","not_applicable","medium","new_site","false","ready","reviewed"
"cut-and-spa-misono-4783b694f1","cut and spa MISONO","unconfirmed","","not_applicable","medium","new_site","false","ready","reviewed"
"sen-6069feee8c","sen","unconfirmed","","not_applicable","medium","new_site","false","ready","reviewed"
"nemuru-4827801ac6","ヘッドスパサロンnemuru","confirmed","https://nemuru-headspa.jp/","undetermined","medium","other","true","ready","reviewed"
"relight-ebbd92773b","美容室リライト(relight)","confirmed","https://hair-relight.com/","undetermined","medium","renewal","true","ready","reviewed"
"g-o-a-t-upper-side-45665ad50d","g.o.a.t UPPER SIDE","confirmed","https://goatupperside.wixsite.com/goatupperside","undetermined","medium","reservation_lp","true","ready","reviewed"
"flow-men-s-hair-salon-37f7c5516a","Flow Men's Hair Salon（フロウ）","unconfirmed","","not_applicable","medium","new_site","false","ready","reviewed"
"barbershop-101-0619e7353b","BARBERSHOP 101（ワンノウワン）","confirmed","https://bbs101.net/","medium","medium","renewal","true","ready","reviewed"
"men-s-salon-avance-3993881479","men's salon AVANCE. 尼崎（メンズサロン アヴァンス 尼崎）","unconfirmed","","not_applicable","medium","new_site","false","ready","reviewed"
"hair-relaxation-make-cosmeti-2f1092c928","Hair & Relaxation・Make & Cosmetic HISUI","confirmed","https://hisui.co/","undetermined","medium","renewal","true","ready","reviewed"
"nail-salon-jolie-44ab3ee373","Nail Salon 〜Jolie〜","confirmed","https://jolie.hp.peraichi.com/","undetermined","medium","new_site","false","missing","blocked_personalization"
"stag-club-003c72e9ff","STAG CLUB（スタッグクラブ）","unconfirmed","","not_applicable","medium","new_site","false","ready","reviewed"
"lead-846fb3b4e4","日本理容 武庫川店","unconfirmed","","not_applicable","medium","new_site","false","ready","reviewed"
"bar-ber-shop-big-papa-86f8b15003","BAR BER SHOP BIG PAPA","unconfirmed","","not_applicable","medium","new_site","false","ready","reviewed"
"lead-284200f24e","ヘアーサロン イシダ","unconfirmed","","not_applicable","medium","new_site","false","ready","reviewed"
"since-c9236065ad","Since とこまゆ","unconfirmed","","not_applicable","medium","new_site","false","ready","reviewed"
"hair-salon-hope-af014a68a6","Hair Salon HOPE","unconfirmed","","not_applicable","medium","new_site","false","ready","reviewed"
"barber-shop-b110d83d0b","barber shop 一（ワン）","unconfirmed","","not_applicable","medium","new_site","false","ready","reviewed"
"hair-make-youce-b3f25f11df","HAIR MAKE Youce","confirmed","https://youce-hair.com/","small","low","other","true","ready","reviewed"
"hair-dressing-shop-salo-03829206ea","Hair Dressing shop Salo","confirmed","https://salo-hair.com/","small","low","other","true","ready","reviewed"
"rond-c20ac46cd3","ROND(ロンド)","confirmed","https://www.rond.info/","small","low","reservation_lp","true","ready","reviewed"
"hair-spasalon-mirror-d9330f09df","Hair & Spasalon Mirror'","confirmed","https://mirror-ko.com/","small","low","other","true","ready","reviewed"
"voychica-c72a474746","voychica","confirmed","https://voychica.com/","small","low","other","true","ready","reviewed"
"blanc-44e397a6f2","Eyelash Salon Blanc つかしん前店","confirmed","https://www.blanc-lash.com/tsukashin/","medium","low","renewal","true","ready","reviewed"
"taya-f20c21f7e3","TAYA 尼崎店","confirmed","https://tayanet.jp/salon/0209/","small","low","other","true","ready","reviewed"
"nice-nail-0246917162","NICE NAIL 尼崎駅前店","confirmed","https://www.nice-nail.com/salon/kansai/amagasaki/","small","low","other","true","ready","reviewed"
"la-fith-hair-home-jr-660f5712d7","La fith hair Home JR尼崎店","confirmed","https://lafith.com/la-fith-hair-home-amagasaki/","small","low","other","false","ready","reviewed"
"menoa-1b2645c848","menoa(メノア)","unconfirmed","","not_applicable","low","new_site","false","missing","blocked_personalization"
"lead-34d9bc9283","ビューティーアイラッシュ つかしん店","unconfirmed","","not_applicable","low","new_site","false","ready","reviewed"
"lead-91d1ad4d13","マツコのまつげサロン 尼崎店","unconfirmed","","not_applicable","low","new_site","false","missing","blocked_personalization"
"bodysh-8f22bb2ddc","Bodysh(ボディッシュ) 阪急塚口駅前店","unconfirmed","","not_applicable","low","new_site","false","ready","reviewed"
"repose-831820698e","リラクゼーション＆ヘッドスパ Repose","unconfirmed","","not_applicable","low","new_site","false","missing","blocked_personalization"
"lead-0e71bc82bf","プライベートサロン ひだまり～ほぐし処～","unconfirmed","","not_applicable","low","new_site","false","ready","reviewed"
"yavis-nail-d138c1315c","YAVIS_nail","unconfirmed","","not_applicable","low","new_site","false","missing","blocked_personalization"
"solution-1a4a4dc9d9","Solution(ソリューション)","unconfirmed","","not_applicable","low","new_site","false","ready","reviewed"
"barber-shop-goo-20e994b175","BARBER SHOP -Goo-","unconfirmed","","not_applicable","low","new_site","false","ready","reviewed"
"barbershop-hairs-9d2bda7792","BarberShop・Hairs","unconfirmed","","not_applicable","low","new_site","false","ready","reviewed"
"2-98767ca785","カットハウスロンダ2","unconfirmed","","not_applicable","low","new_site","false","ready","reviewed"
"lead-bf80733fe5","内藤理容室","unconfirmed","","not_applicable","low","new_site","false","ready","reviewed"
"hair-studio-monaco-27f5d90197","Hair Studio Monaco","unconfirmed","","not_applicable","low","new_site","false","ready","reviewed"
"barber-1-1-inichi-17e561b1e7","barber 1×1 inichi","unconfirmed","","not_applicable","low","new_site","false","ready","reviewed"
"lead-14a3a15a77","理容大串","unconfirmed","","not_applicable","low","new_site","false","ready","reviewed"
"lead-73352ec258","青木理容店","unconfirmed","","not_applicable","low","new_site","false","ready","reviewed"
"lead-a5b44b699f","ヘアーサロンステーション","unconfirmed","","not_applicable","low","new_site","false","ready","reviewed"
"lead-22c89ecfdb","ウエダ","unconfirmed","","not_applicable","low","new_site","false","ready","reviewed"
"lead-2df3f303d9","木村理容","unconfirmed","","not_applicable","low","new_site","false","ready","reviewed"
"2-d3d2d247d7","カットハウス良2","unconfirmed","","not_applicable","low","new_site","false","ready","reviewed"
"lead-0ce3c9703b","モンプチスタイル","unconfirmed","","not_applicable","low","new_site","false","ready","reviewed"
"lead-de6238087f","キノシタヘアーサロン","unconfirmed","","not_applicable","low","new_site","false","ready","reviewed"
"lead-1391b12611","グリーンルーム","unconfirmed","","not_applicable","low","new_site","false","ready","reviewed"
"lead-0b50ae3532","体感ラボ 塚口店","unconfirmed","","not_applicable","low","new_site","false","ready","reviewed"
"soigne-se-re-ne-8bc8476b46","Soigné Sérène(ソワニエセレーヌ)","unconfirmed","","not_applicable","low","new_site","false","ready","reviewed"
"cut-color-lunlun-add7d20329","HAIRS NJ MEN 園田店","confirmed","http://www.hairs-nj.com/","undetermined","low","other","false","ready","reviewed"
"hakm-279cd1dbb4","HAKM(ハクム)","unconfirmed","","not_applicable","low","new_site","false","ready","reviewed"
"lee-3894a0c18a","Lee尼崎店","confirmed","https://hair-lee.com/hair_salon/lee-amagasaki/","small","low","other","false","ready","reviewed"
"agu-hair-bliss-92db0094e3","Agu hair bliss 阪神尼崎駅前店","unconfirmed","","not_applicable","low","new_site","false","ready","reviewed"
"cococolor-b00a036b4e","COCOCOLOR尼崎中央店","unconfirmed","","not_applicable","low","new_site","false","missing","blocked_personalization"
"a-z-hair-c579cacad5","a-z.hair","confirmed","https://a-zhair.jp/","small","low","other","false","ready","reviewed"
"macherie-mukonosou-0743294a80","macherie mukonosou","confirmed","https://www.macherie-mukonosou.com/info","undetermined","low","renewal","false","ready","reviewed"
"lead-3844f0d1f7","ヘアーズベリー 塚口店","confirmed","https://hairs-berry.com/salon/tsukaguchi/","large","low","renewal","false","ready","reviewed"
"lead-30bf668fac","理髪館 尼崎店","confirmed","https://www.matsu-moto.com/s-barber/","undetermined","low","other","false","missing","blocked_personalization"
"soin-de-brace-ddde0338c8","soin de brace 立花店","unconfirmed","","not_applicable","low","new_site","false","ready","reviewed"
"lead-7224bc529a","アイ・メイル","unconfirmed","","not_applicable","low","new_site","false","ready","reviewed"
"lead-12f0683b9f","アイリー美容室","unconfirmed","","not_applicable","low","new_site","false","ready","reviewed"
"lead-75accd20fa","アキュール","unconfirmed","","not_applicable","low","new_site","false","ready","reviewed"
"lead-5f10484ce4","アスクスヘアー","unconfirmed","","not_applicable","low","new_site","false","ready","reviewed"
"lead-e51d9102ad","アトリエエヌ","unconfirmed","","not_applicable","low","new_site","false","ready","reviewed"
"atelier-grow-862d21baae","Atelier Grow","unconfirmed","","not_applicable","low","new_site","false","ready","reviewed"
"lead-cb5af7932d","アトリエヨネダ","unconfirmed","","not_applicable","low","new_site","false","ready","reviewed"
"lead-cf84a04d13","アニスト","unconfirmed","","not_applicable","low","new_site","false","ready","reviewed"
"annex-4786de9157","ANNEX","unconfirmed","","not_applicable","low","new_site","false","ready","reviewed"
"lead-fdaad4dd95","アルジャーノン","unconfirmed","","not_applicable","low","new_site","false","ready","reviewed"
"alles-73224f805f","ALLES 武庫之荘店","unconfirmed","","not_applicable","low","new_site","false","ready","reviewed"
"unconte-3b7e7b6a94","UnConte","unconfirmed","","not_applicable","low","new_site","false","ready","reviewed"
"anteros-03678030d1","Anteros","unconfirmed","","not_applicable","low","new_site","false","ready","reviewed"
"lead-5238c26f59","アンベリール","unconfirmed","","not_applicable","low","new_site","false","ready","reviewed"
"lead-b80df790f8","アンワインドヘアデザイン","unconfirmed","","not_applicable","low","new_site","false","ready","reviewed"
"lead-3877538207","アートビーブル美容室","unconfirmed","","not_applicable","low","new_site","false","ready","reviewed"
"lead-0888e8c7e9","インセンス","unconfirmed","","not_applicable","low","new_site","false","ready","reviewed"
"lead-713ee68569","エアージュ","unconfirmed","","not_applicable","low","new_site","false","ready","reviewed"
"ekolu-by-clap-b5fd12a005","ekolu by clap","unconfirmed","","not_applicable","low","new_site","false","ready","reviewed"
"esfera-hair-design-f5ed66c2f4","esfera hair design","confirmed","https://esfera-hd.com/","small","low","other","false","ready","reviewed"
"ever-free-f85498bfd2","ever free","unconfirmed","","not_applicable","low","new_site","false","ready","reviewed"
"lead-7aa129a714","エンジョブ塚口店","unconfirmed","","not_applicable","low","new_site","false","ready","reviewed"
"ak-hair-4f86b9fedd","AK hair","unconfirmed","","not_applicable","low","new_site","false","ready","reviewed"
"lead-71cadc27f8","カットハウスロンダ","unconfirmed","","not_applicable","low","new_site","false","ready","reviewed"
"lead-e0412c799c","カルムエール","unconfirmed","","not_applicable","low","new_site","false","ready","reviewed"
"gunsn-hair-a729ad84d1","GUNSN'hair","unconfirmed","","not_applicable","low","new_site","false","ready","reviewed"
"corpurum-c4f16ee8bb","corpurum","unconfirmed","","not_applicable","low","new_site","false","ready","reviewed"
"clap-2cba5557d9","clap","unconfirmed","","not_applicable","low","new_site","false","missing","blocked_personalization"
"lead-3117603b36","グランス","unconfirmed","","not_applicable","low","new_site","false","ready","reviewed"
"lead-6259434f75","グリームヘアー","unconfirmed","","not_applicable","low","new_site","false","ready","reviewed"
"lead-17cd9f753f","ギュゼル・バヤン","unconfirmed","","not_applicable","low","new_site","false","ready","reviewed"
"jr-e2b98d2046","こりとる JR尼崎店","confirmed","https://koritoru-relax.com/amagasaki/","medium","low","renewal","false","ready","reviewed"
"terrace-code-9027b0e534","TERRACE CODE 武庫之荘","unconfirmed","","not_applicable","low","new_site","false","ready","reviewed"
"hair-mode-kt-purl-413bfc2dd5","Hair Mode KT Purl","unconfirmed","","not_applicable","low","new_site","false","ready","reviewed"
"luau-hair-make-f3f2101dad","LUAU［ルアウ］尼崎","confirmed","https://luau.jp.net/","small","low","other","false","ready","reviewed"
"vinculum-by-circulo-f6e32a3b14","Vinculum by circulo 尼崎","unconfirmed","","not_applicable","low","new_site","false","ready","reviewed"
"mode-k-s-bbde218c9c","MODE K's 尼崎店","confirmed","https://www.modeks.jp/","undetermined","low","other","false","ready","reviewed"
"refine-c854ebc669","Refine.尼崎店","unconfirmed","","not_applicable","low","new_site","false","ready","reviewed"
"refine-jr-264ea650ed","Refine.JR立花店","unconfirmed","","not_applicable","low","new_site","false","ready","reviewed"
"agu-hair-alegria-9d270f973f","Agu hair alegria 塚口店","unconfirmed","","not_applicable","low","new_site","false","ready","reviewed"
"agu-hair-edel-127e924070","Agu hair edel 武庫之荘店","unconfirmed","","not_applicable","low","new_site","false","ready","reviewed"
"agu-hair-elf-jr-4b0becb5e7","Agu hair elf JR立花駅前店","unconfirmed","","not_applicable","low","new_site","false","ready","reviewed"
"allen-hair-dcc1415700","ALLEN hair 阪神尼崎店","unconfirmed","","not_applicable","low","new_site","false","ready","reviewed"
"yucca-elua-570806eb7d","YUCCA elua 武庫之荘南口","unconfirmed","","not_applicable","low","new_site","false","ready","reviewed"
"yucca-ekolu-71be4cf8e5","YUCCA ekolu 塚口","unconfirmed","","not_applicable","low","new_site","false","ready","reviewed"
"yucca-academy-2af80f7035","YUCCA academy","unconfirmed","","not_applicable","low","new_site","false","missing","blocked_personalization"
"azur-nail-beauty-23e105d422","Azur Nail&beauty 武庫之荘店","unconfirmed","","not_applicable","low","new_site","false","ready","reviewed"
"azur-nail-35db6299dc","Azur Nail 阪神尼崎店","unconfirmed","","not_applicable","low","new_site","false","ready","reviewed"
"dahlia-nail-by-terrace-c057a96ebe","Dahlia nail by TERRACE","unconfirmed","","not_applicable","low","new_site","false","ready","reviewed"
"nicenail-e5d76c617a","NICE NAIL 阪急塚口店","confirmed","https://www.nice-nail.com/salon/kansai/tsukaguchi/","small","low","other","false","ready","reviewed"
"beauty-labo-e044f30c8e","Beauty labo 塚口店","unconfirmed","","not_applicable","low","new_site","false","ready","reviewed"
"beauty-labo-7bebbb5467","Beauty labo 武庫之荘店","unconfirmed","","not_applicable","low","new_site","false","ready","reviewed"
"beauty-labo-nail-eyelash-f6dafe0d87","Beauty labo Nail&Eyelash 阪神尼崎店","unconfirmed","","not_applicable","low","new_site","false","ready","reviewed"
"yosapark-jr-poco-8726d7de4e","YOSAPARK JR尼崎南店 POCO","unconfirmed","","not_applicable","low","new_site","false","ready","reviewed"
"yosapark-lily-dbc4224040","YOSAPARK LILY","unconfirmed","","not_applicable","low","new_site","false","ready","reviewed"
"lead-be31c2a201","リラクゼーション&エステ ユナ","unconfirmed","","not_applicable","low","new_site","false","ready","reviewed"
"ulu-41c82ecc18","ulu","unconfirmed","","not_applicable","low","new_site","false","ready","reviewed"
"lead-6b0ccb2b2b","ホットナップス 尼崎店","confirmed","https://hotnapsamagasaki.com/","medium","low","other","false","ready","reviewed"
"office-chouchou-cea11bff20","office.chouchou","unconfirmed","","not_applicable","low","new_site","false","ready","reviewed"
"lead-68c91b7462","ビューティーラボ 立花店","unconfirmed","","not_applicable","low","new_site","false","ready","reviewed"
"hair-design-dimple-2aeb3e86c6","hair design DIMPLE","unconfirmed","","not_applicable","low","new_site","false","ready","reviewed"
"pola-0c25ad5bc7","POLA 東尼崎店","unconfirmed","","not_applicable","low","new_site","false","ready","reviewed"
"lead-ed1c799d5b","フラッシュネイル 塚口駅前店","unconfirmed","","not_applicable","low","new_site","false","ready","reviewed"
"eye-beauty-salon-sylph-9b9e881e91","Eye Beauty Salon Sylph 尼崎店","unconfirmed","","not_applicable","low","new_site","false","ready","reviewed"
"menoa-0be6bb99b4","menoa 阪神尼崎店","unconfirmed","","not_applicable","low","new_site","false","ready","reviewed"
"bupura-7409f4845a","小顔サロン BUPURA 尼崎店","unconfirmed","","not_applicable","low","new_site","false","ready","reviewed"
"sakuraspa-7dfe236ef2","SAKURASPA","unconfirmed","","not_applicable","low","new_site","false","missing","blocked_personalization"
"lead-cc31bfb185","メンズ／レディスアデランス尼崎","unconfirmed","","not_applicable","low","new_site","false","ready","reviewed"
"hair-mode-kt-amagasaki-af3945dfbe","Hair Mode KT AMAGASAKI","unconfirmed","","not_applicable","low","new_site","false","ready","reviewed"
"lead-095cc7bf9b","美粧館 尼崎店","unconfirmed","","not_applicable","low","new_site","false","ready","reviewed"
"jr-301fe56360","ママスJR尼崎店","unconfirmed","","not_applicable","low","new_site","false","ready","reviewed"
"2-663e1fd267","ヘアカラー専門店ビーマイルアミング潮江ウエスト２番館店","unconfirmed","","not_applicable","low","new_site","false","ready","reviewed"
"lead-fa6c15733b","アイ美容室（神田南通）","unconfirmed","","not_applicable","low","new_site","false","ready","reviewed"
"lead-f596354b66","アイ美容室（南武庫之荘）","unconfirmed","","not_applicable","low","new_site","false","ready","reviewed"
"lead-f6e5ce792f","美粧館 塚口店","unconfirmed","","not_applicable","low","new_site","false","ready","reviewed"
"mama-s-4c5a79453b","MAMA'S 塚口店","unconfirmed","","not_applicable","low","new_site","false","ready","reviewed"
"papa-s-cec3519350","PAPA'S 塚口店","unconfirmed","","not_applicable","low","new_site","false","ready","reviewed"
"nail-salon-diva-7f966797ba","Nail Salon Diva 塚口店","confirmed","https://www.naildiva.jp/shop/tsukaguchi/","small","low","other","false","ready","reviewed"
"defi-895df9d545","defi（デフィー）武庫之荘店","confirmed","https://www.e-defi.com/salon/mukonoso.html","small","low","other","true","ready","reviewed"
"lead-0546b6ac28","コープ理容園田店","unconfirmed","","not_applicable","low","new_site","false","ready","reviewed"
"4869-sherlock-568965c6c7","脳疲労改善ドライヘッドスパ武庫之荘 4869 Sherlock","confirmed","https://4869-sherlock.com/","small","low","other","true","ready","reviewed"
"kkcut-8d2d6df6e3","KKcut（キングスカット）尼崎西店","unconfirmed","","not_applicable","low","new_site","false","ready","reviewed"
"lead-f6898ac946","理髪館 塚口店","unconfirmed","","not_applicable","low","new_site","false","ready","reviewed"
"lead-94fa3377cd","理容サービス 阪急園田駅前店","unconfirmed","","not_applicable","low","new_site","false","ready","reviewed"
"iwasaki-6431ba501c","IWASAKI 兵庫立花店","unconfirmed","","not_applicable","low","new_site","false","ready","reviewed"
"iwasaki-e9e0b5b492","IWASAKI 尼崎店","unconfirmed","","not_applicable","low","new_site","false","ready","reviewed"
"iwasaki-c1f6d4342b","IWASAKI 尼崎大物店","unconfirmed","","not_applicable","low","new_site","false","ready","reviewed"
"iwasaki-2-8aadd2af46","IWASAKI 兵庫園田2号店","unconfirmed","","not_applicable","low","new_site","false","ready","reviewed"
"iwasaki-7197ad649f","IWASAKI 尼崎下坂部店","unconfirmed","","not_applicable","low","new_site","false","ready","reviewed"
"lu-more-bb79392cab","Lu more ルモワ 尼崎店","unconfirmed","","not_applicable","low","new_site","false","ready","reviewed"
"men-s-dione-9ce176cf90","Men's Dione（メンズディオーネ）尼崎店","unconfirmed","","not_applicable","low","new_site","false","ready","reviewed"
