"lead_id","name","segment","website_presence","website_url","renewal_opportunity","activity_status","web_gap_status","qualification_status","qualification_priority","qualification_reason","qualification_next_action","qualification_review_after","priority","proposal_type","text_outreach_available","contactability","sales_reason_status","personalization_status","outreach_status","outreach_reason_version","outreach_legacy","contact_research_status","send_channel","send_destination","send_source_url","send_checked_at"
"lead-33af443513","株式会社越智工務店","工務店(新築・自社設計・リフォーム)","confirmed","https://ochi-k.co.jp/","undetermined","uncertain","none","pending","","","","","","","false","contact_unverified","pending","pending","pending","","false","pending","","","",""
"lead-79b73ce987","株式会社川北工務店","工務店(新築・建築工事・内装仕上)","confirmed","https://www.kawakitakoumuten.com/","undetermined","uncertain","none","pending","","","","","","","false","contact_unverified","pending","pending","pending","","false","pending","","","",""
"lead-44f2f96c4a","株式会社スタジオ・コア","リフォーム・リノベーション(不動産仲介併営)","confirmed","https://www.studio-koa.jp/","undetermined","uncertain","moderate","pending","","","","","","","false","contact_unverified","pending","pending","pending","","false","pending","","","",""
"masaki-corporation-7d796c587b","MASAKI Corporation株式会社","ハイエンド注文住宅・中古住宅リフォーム・リノベーション","unconfirmed","https://masaki-corporation.com/","not_applicable","uncertain","unknown","pending","","","","","","","false","contact_unverified","pending","pending","pending","","false","pending","","","",""
"decor-blanc-345b0928e7","Decor blanc(デコールブラン)","モデルルームコーディネート・インテリアコーディネート・ホームステージング","unconfirmed","","not_applicable","uncertain","unknown","pending","","","","","","","false","contact_unverified","pending","pending","pending","","false","pending","","","",""
"lead-d64fb69de8","建築工房 感 設計事務所","住宅設計事務所(自然素材の木造住宅の設計・監理)","confirmed","https://www.as-kan-ap.com/","undetermined","uncertain","none","pending","","","","","","","false","contact_unverified","pending","pending","pending","","false","pending","","","",""
"lead-6a6d9d6eb3","株式会社アトリエフルタ建築研究所","建築設計事務所(住宅設計)","confirmed","https://atelier-furuta.com/","undetermined","uncertain","none","pending","","","","","","","false","contact_unverified","pending","pending","pending","","false","pending","","","",""
"lead-ce63a514d3","近藤晃弘建築都市設計事務所","建築設計事務所(住宅・リノベーション)","confirmed","https://ak-archi.com/","undetermined","uncertain","unknown","pending","","","","","","","false","contact_unverified","pending","pending","pending","","false","pending","","","",""
"lead-2b54c8f797","株式会社リンクアップ(リンクアップ建築デザイン設計事務所)","建築デザイン設計事務所(住宅設計・店舗設計・リノベーション)","unconfirmed","","not_applicable","uncertain","unknown","pending","","","","","","","false","contact_unverified","pending","pending","pending","","false","pending","","","",""
"g-craft-3a4218f90d","工務店G.CRAFT(ジークラフト)","工務店・建築設計事務所(自由設計の注文住宅)","unconfirmed","","not_applicable","uncertain","unknown","pending","","","","","","","false","contact_unverified","pending","pending","pending","","false","pending","","","",""
"lixy-e9fdc235ae","Lixy(リクシー)","リノベーション・リフォーム(戸建て・マンション)","unconfirmed","","not_applicable","uncertain","unknown","pending","","","","","","","false","contact_unverified","pending","pending","pending","","false","pending","","","",""
"process5-design-132059487d","PROCESS5 DESIGN","マンションリノベーション設計デザイン","unconfirmed","","not_applicable","uncertain","unknown","pending","","","","","","","false","contact_unverified","pending","pending","pending","","false","pending","","","",""
"hamada-design-5e114b8f27","HAMADA DESIGN(浜田設計事務所・住宅設計 建築家の設計事務所)","住宅設計・建築家の設計事務所","unconfirmed","","not_applicable","uncertain","unknown","pending","","","","","","","false","contact_unverified","pending","pending","pending","","false","pending","","","",""
"lead-ad33988779","株式会社エディトデザイン(芦屋リフォーム)","建築設計・リフォーム・リノベーション(不動産仲介併営)","unconfirmed","","not_applicable","uncertain","unknown","pending","","","","","","","false","contact_unverified","pending","pending","pending","","false","pending","","","",""
"lead-6e09906d6f","マノアート株式会社","塗り替え・建物改修・内装リフォーム","unconfirmed","","not_applicable","uncertain","unknown","pending","","","","","","","false","contact_unverified","pending","pending","pending","","false","pending","","","",""
"lead-d5ba361834","株式会社岸研一建築設計事務所","建築設計事務所(住宅設計)","unconfirmed","","not_applicable","uncertain","unknown","pending","","","","","","","false","contact_unverified","pending","pending","pending","","false","pending","","","",""
"lead-6e3bcc12e7","株式会社グランデザイン一級建築士事務所","住宅・店舗の建築設計事務所","confirmed","https://gran-design.com/","undetermined","uncertain","unknown","pending","","","","","","","false","contact_unverified","pending","pending","pending","","false","pending","","","",""
"lead-a0916c3c2c","有限会社エコ・ハウス芦屋","リフォーム・増改築・工務店","confirmed","https://ecohouse-ashiya.com/","undetermined","uncertain","moderate","pending","","","","","","","false","contact_unverified","pending","pending","pending","","false","pending","","","",""
"lead-9e3b07bd74","有限会社スペースアート","リフォーム・リノベーション・設計施工・インテリアデザイン","confirmed","https://www.ne.jp/asahi/space/art/","undetermined","uncertain","none","pending","","","","","","","false","contact_unverified","pending","pending","pending","","false","pending","","","",""
"lead-589b407173","株式会社アメニティ芦屋","インテリアコーディネート・インテリアデザイン事務所","confirmed","https://amenityashiya.com/","undetermined","uncertain","none","pending","","","","","","","false","contact_unverified","pending","pending","pending","","false","pending","","","",""
"itten-617c9580d7","インテリアセレクト＆コーディネートショップ itten(イッテン)","インテリアセレクト・コーディネートショップ(家具販売・椅子張り替え)","unconfirmed","https://www.ittena.com/","not_applicable","uncertain","unknown","pending","","","","","","","false","contact_unverified","pending","pending","pending","","false","pending","","","",""
"lead-b582b2f70a","株式会社竹内工務店(不動産部)","不動産仲介・管理が主、リフォーム・増改築も対応","confirmed","https://www.ashiya-takeuchi.com/","undetermined","active","unknown","pending","","","","","","","false","contact_unverified","pending","pending","pending","","false","pending","","","",""
"lead-3e187b7781","株式会社ラビングホーム","リフォーム・リノベーション(戸建・マンション・店舗)","confirmed","https://lovinghome.co.jp/","undetermined","active","none","pending","","","","","","","false","contact_unverified","pending","pending","pending","","false","pending","","","",""
"lead-4594c2bfdd","株式会社浜田建築設計事務所","建築設計事務所","unconfirmed","","not_applicable","uncertain","unknown","pending","","","","","","","false","contact_unverified","pending","pending","pending","","false","pending","","","",""
"lead-18b55eefb0","高山建築設計事務所","建築設計事務所","confirmed","http://www.eonet.ne.jp/~tkym-a/","undetermined","uncertain","unknown","pending","","","","","","","false","contact_unverified","pending","pending","pending","","false","pending","","","",""
"lead-7510f2543e","西宮・芦屋の建築デザイン設計事務所 リンクアップ","建築デザイン設計事務所","confirmed","http://l-u.jp/","undetermined","uncertain","unknown","pending","","","","","","","false","contact_unverified","pending","pending","pending","","false","pending","","","",""
"lead-09cc2fad02","株式会社マニエラ建築設計事務所","建築設計事務所(住宅・マンション・店舗の設計とリノベーション)","unconfirmed","https://www.maniera.co.jp/","not_applicable","uncertain","unknown","pending","","","","","","","false","contact_unverified","pending","pending","pending","","false","pending","","","",""
"life-a88aba7de2","株式会社LIFE建築工房","リフォーム工事(水回り・内装・間取り変更・外構)","unconfirmed","https://life-kk.co.jp/","not_applicable","uncertain","unknown","pending","","","","","","","false","contact_unverified","pending","pending","pending","","false","pending","","","",""
"modern-reform-203c8de206","芦屋リフォーム(modern-reform)","マンション・戸建てリフォーム","unconfirmed","https://modern-reform.jp/ashiya/","not_applicable","uncertain","unknown","pending","","","","","","","false","contact_unverified","pending","pending","pending","","false","pending","","","",""
"lead-3a858d4410","一級建築士事務所 上野工務店","工務店・一級建築士事務所(新築・大型リフォーム)","unconfirmed","https://uenokoumuten.com/","not_applicable","uncertain","unknown","pending","","","","","","","false","contact_unverified","pending","pending","pending","","false","pending","","","",""
"lead-a73ed16d00","一級建築士事務所 ひかり工務店","工務店・一級建築士事務所(注文住宅)","unconfirmed","https://www.hikarikoumuten.com/","not_applicable","uncertain","unknown","pending","","","","","","","false","contact_unverified","pending","pending","pending","","false","pending","","","",""
"lead-cda7d58a66","株式会社グラティス・デザイン","リフォーム","confirmed","https://gratis-d.com/","undetermined","uncertain","unknown","pending","","","","","","","false","contact_unverified","pending","pending","pending","","false","pending","","","",""
"lead-c5bc29db0d","株式会社三福","リフォーム","unconfirmed","","not_applicable","uncertain","unknown","pending","","","","","","","false","contact_unverified","pending","pending","pending","","false","pending","","","",""
"lead-cc9744cb44","有限会社エコ・エネルギー","リフォーム","unconfirmed","https://blr.jp/ecoenergie/","not_applicable","uncertain","unknown","pending","","","","","","","false","contact_unverified","pending","pending","pending","","false","pending","","","",""
"sho-6344ef2bbe","SHOあさひリフォーム株式会社","リフォーム","unconfirmed","","not_applicable","active","unknown","pending","","","","","","","false","contact_unverified","pending","pending","pending","","false","pending","","","",""
"lead-9c62967c68","住友林業ホームテック株式会社","リフォーム・リノベーション","unconfirmed","","not_applicable","active","unknown","pending","","","","","","","false","contact_unverified","pending","pending","pending","","false","pending","","","",""
"lead-a548042b15","阪急阪神不動産(阪急阪神のリフォーム・リノベーション)","リフォーム・リノベーション","unconfirmed","https://8984.jp/reform/","not_applicable","uncertain","unknown","pending","","","","","","","false","contact_unverified","pending","pending","pending","","false","pending","","","",""
"arkas-ashiya-ed363c4623","Arkas Ashiya(アルカス芦屋)","リフォーム・リノベーション・インテリアコーディネート・外構・家具販売","confirmed","https://arkas-ashiya.co.jp/","undetermined","uncertain","none","pending","","","","","","","false","contact_unverified","pending","pending","pending","","false","pending","","","",""
"lead-234f98eaa7","株式会社イーズスタイル","インテリア・リフォーム提案(インテリアコーディネート起点のリフォーム)","confirmed","https://www.easestyle.com/","undetermined","uncertain","moderate","pending","","","","","","","false","contact_unverified","pending","pending","pending","","false","pending","","","",""
"lead-27eaa6d659","なごみ建設株式会社","リフォーム・リノベーション・新築","confirmed","https://nagomi-kensetsu.com/","undetermined","active","none","pending","","","","","","","false","contact_unverified","pending","pending","pending","","false","pending","","","",""
"lead-7d0f450224","株式会社藤野工務店","工務店(新築・戸建・マンションリフォーム・外装・防水)","confirmed","http://www.fujino-house.co.jp/","undetermined","uncertain","moderate","pending","","","","","","","false","contact_unverified","pending","pending","pending","","false","pending","","","",""
"lead-3fbb8e7534","株式会社光嶋裕介建築設計事務所","建築設計事務所","confirmed","https://www.ykas.jp/","undetermined","uncertain","none","pending","","","","","","","false","contact_unverified","pending","pending","pending","","false","pending","","","",""
"lead-a855fe06ac","芦屋サンクスホーム","不動産会社(リノベーション事業・インテリアコーディネーター在籍)","confirmed","https://thanks-home.co.jp/","undetermined","uncertain","unknown","pending","","","","","","","false","contact_unverified","pending","pending","pending","","false","pending","","","",""
"lead-a323c186b1","高級注文住宅 建築設計デザイン事務所 参會堂","建築設計デザイン事務所(高級注文住宅)","confirmed","https://sankaido.com/","undetermined","uncertain","unknown","pending","","","","","","","false","contact_unverified","pending","pending","pending","","false","pending","","","",""
"cecela-66648e20b4","セセラの家(cecela)","建築家との注文住宅(マドリニスト)","unconfirmed","https://cecela-est.com/","not_applicable","uncertain","unknown","pending","","","","","","","false","contact_unverified","pending","pending","pending","","false","pending","","","",""
"lead-3bae6022f9","株式会社三福","リフォーム","unconfirmed","","not_applicable","uncertain","unknown","pending","","","","","","","false","contact_unverified","pending","pending","pending","","false","pending","","","",""
"lead-34ffc578b1","株式会社ナサホーム(みずらぼ)","リフォーム(水まわり等)","confirmed","https://nasahome.co.jp","undetermined","active","unknown","pending","","","","","","","false","contact_unverified","pending","pending","pending","","false","pending","","","",""
"cony-japan-b7bc2f6fa9","スペースアップ・リフォーる(株式会社CONY JAPAN)","リフォーム","confirmed","https://conyjapan.co.jp","undetermined","active","unknown","pending","","","","","","","false","contact_unverified","pending","pending","pending","","false","pending","","","",""
"lead-5d359ed639","住友林業ホームテック株式会社","リフォーム・リノベーション","unconfirmed","","not_applicable","active","unknown","pending","","","","","","","false","contact_unverified","pending","pending","pending","","false","pending","","","",""
"lead-3208275d97","株式会社上野工務店(キューブデザインリフォーム)","新築・建替・リフォーム","unconfirmed","https://uenokoumuten.com/","not_applicable","uncertain","unknown","pending","","","","","","","false","contact_unverified","pending","pending","pending","","false","pending","","","",""
"whale-house-3c7f3f51fe","WHALE HOUSE(ホエールハウス)","注文住宅(ビルダー)","unconfirmed","https://www.whalehouse.co.jp/","not_applicable","uncertain","unknown","pending","","","","","","","false","contact_unverified","pending","pending","pending","","false","pending","","","",""
"lead-95a0ad8274","株式会社戎工務店","工務店(木の家・注文住宅・リノベ・断熱リフォーム)","unconfirmed","https://www.ebisu-k.co.jp/","not_applicable","uncertain","unknown","pending","","","","","","","false","contact_unverified","pending","pending","pending","","false","pending","","","",""
"lead-03e1ed7ef4","リンクアップ(西宮・芦屋の建築デザイン設計事務所)","建築設計事務所(住宅設計)","unconfirmed","http://l-u.jp/","not_applicable","uncertain","unknown","pending","","","","","","","false","contact_unverified","pending","pending","pending","","false","pending","","","",""
"lead-7db748f9db","福田建築工房","住宅設計事務所(自然素材・在来工法)","unconfirmed","https://www.f-kobo.com/","not_applicable","uncertain","unknown","pending","","","","","","","false","contact_unverified","pending","pending","pending","","false","pending","","","",""
"lead-1b42d63612","アトリエツバキ 一級建築士事務所(株式会社椿工務店)","設計事務所併設の工務店(注文住宅)","unconfirmed","https://tsubaki-style.jp/","not_applicable","uncertain","unknown","pending","","","","","","","false","contact_unverified","pending","pending","pending","","false","pending","","","",""
"rises-c7fd1d4a94","rises株式会社","リフォーム・リノベーション・インテリアデザイン・店舗設計施工","confirmed","https://www.rises-inc.jp/","undetermined","uncertain","none","pending","","","","","","","false","contact_unverified","pending","pending","pending","","false","pending","","","",""
"lead-f4a8bdc6d7","有限会社シンプレックス一級建築士事務所","住宅設計事務所(RC住宅・リノベーション)","confirmed","https://www.simplex-arc.com/","undetermined","uncertain","unknown","pending","","","","","","","false","contact_unverified","pending","pending","pending","","false","pending","","","",""
"lead-d8f54bff6b","株式会社笠谷工務店","工務店・建築設計施工・リフォーム","confirmed","https://www.kasatani.jp/","undetermined","active","none","pending","","","","","","","false","contact_unverified","pending","pending","pending","","false","pending","","","",""
"lead-6ad07907ed","株式会社カサタニクリエート","リフォーム・メンテナンス","unconfirmed","","not_applicable","uncertain","unknown","pending","","","","","","","false","contact_unverified","pending","pending","pending","","false","pending","","","",""
"lead-f4dd815ad4","株式会社高翔","注文住宅・リフォーム・リノベーション・不動産","unconfirmed","https://takasho.net/","not_applicable","uncertain","unknown","pending","","","","","","","false","contact_unverified","pending","pending","pending","","false","pending","","","",""
"lead-c2c78aa918","株式会社オフィスナウ","建築設計(リノベーション・フルリフォーム相談対応)","unconfirmed","","not_applicable","uncertain","unknown","pending","","","","","","","false","contact_unverified","pending","pending","pending","","false","pending","","","",""
"lead-dd590eb8cb","株式会社富士","工務店・内装リフォーム(クロス・カーペット・カーテン)・マンション改修","unconfirmed","","not_applicable","uncertain","unknown","pending","","","","","","","false","contact_unverified","pending","pending","pending","","false","pending","","","",""
"lead-4db1084159","有限会社藤本工務店","工務店・リフォーム・リノベーション・不動産管理","confirmed","https://fujimoto-ashiya.co.jp/","undetermined","uncertain","none","pending","","","","","","","false","contact_unverified","pending","pending","pending","","false","pending","","","",""
"anciel-ee6b01d26d","アン・シェル株式会社(anciel)","店舗・住宅の建築設計デザイン・施工監理(店舗設計中心)","confirmed","https://www.an-en-ciel.com/","undetermined","uncertain","moderate","pending","","","","","","","false","contact_unverified","pending","pending","pending","","false","pending","","","",""
"g-craft-6de5daf078","芦屋市のG.CRAFT(ジークラフト)","注文住宅・設計施工(工務店)","confirmed","https://gcraft.co.jp/","undetermined","uncertain","none","pending","","","","","","","false","contact_unverified","pending","pending","pending","","false","pending","","","",""
"lead-4461cf9585","株式会社三福","リフォーム・工務店","unconfirmed","","not_applicable","uncertain","unknown","pending","","","","","","","false","contact_unverified","pending","pending","pending","","false","pending","","","",""
"lead-01d4668ae1","株式会社えびす工務店","工務店・リフォーム","unconfirmed","","not_applicable","uncertain","unknown","pending","","","","","","","false","contact_unverified","pending","pending","pending","","false","pending","","","",""
"lead-dc7c26506c","吾妻工務店","工務店・リフォーム","confirmed","https://azumakoumuten.jp","undetermined","active","unknown","pending","","","","","","","false","contact_unverified","pending","pending","pending","","false","pending","","","",""
"lead-7026f1b223","ミサワリフォーム近畿株式会社","リフォーム","unconfirmed","","not_applicable","uncertain","unknown","pending","","","","","","","false","contact_unverified","pending","pending","pending","","false","pending","","","",""
"lead-e85f326133","ハウスドクター株式会社","リフォーム(フランチャイズ系)","unconfirmed","","not_applicable","uncertain","unknown","pending","","","","","","","false","contact_unverified","pending","pending","pending","","false","pending","","","",""
"lead-7f073b73db","株式会社リンクアップ 一級建築士事務所","建築デザイン設計事務所(住宅・リノベーション・店舗設計・不動産)","unconfirmed","http://l-u.jp/","not_applicable","uncertain","unknown","pending","","","","","","","false","contact_unverified","pending","pending","pending","","false","pending","","","",""
"ida-homes-637bee837b","株式会社伊田工務店(IDA HOMES)","注文住宅・工務店","unconfirmed","https://www.idahomes.co.jp/","not_applicable","uncertain","unknown","pending","","","","","","","false","contact_unverified","pending","pending","pending","","false","pending","","","",""
"lead-190ab40be0","トレイルアーキテクツ一級建築士事務所","建築設計事務所(住宅・別荘・店舗・リノベーション設計監理)","unconfirmed","https://trail-architects.jp/","not_applicable","uncertain","unknown","pending","","","","","","","false","contact_unverified","pending","pending","pending","","false","pending","","","",""
"lead-0810ac596f","株式会社宮木博和建築設計事務所","建築設計事務所(住宅設計)","confirmed","https://m-aa.co.jp","undetermined","uncertain","unknown","pending","","","","","","","false","contact_unverified","pending","pending","pending","","false","pending","","","",""
"lead-1da9531142","有本優史郎建築設計事務所","建築設計事務所(建築・インテリア・プロダクト設計監理)","confirmed","http://a-rim.net/","undetermined","uncertain","unknown","pending","","","","","","","false","contact_unverified","pending","pending","pending","","false","pending","","","",""
"lead-782ef27021","株式会社藤本高志建築設計事務所","建築設計事務所(住宅・集合住宅・店舗・宿・新築/リノベーション)","confirmed","https://www.fujimoto-archi.com/","undetermined","uncertain","none","pending","","","","","","","false","contact_unverified","pending","pending","pending","","false","pending","","","",""
"casa-decoration-279cc88847","CASA DECORATION(カーサデコラシオン芦屋)","インテリアデザイン・コーディネート(個人サロン、レッスン・個別相談)","confirmed","https://casa-deco.theblog.me/","undetermined","uncertain","moderate","pending","","","","","","","false","contact_unverified","pending","pending","pending","","false","pending","","","",""
"lead-8cd1605013","株式会社アルカス","リフォーム工事の設計施工・エクステリア・インテリアコーディネート・オーダーカーテン","confirmed","https://www.arkas-ashiya.co.jp/","undetermined","uncertain","unknown","pending","","","","","","","false","contact_unverified","pending","pending","pending","","false","pending","","","",""
"simul-design-office-ced4bba111","シームルデザインオフィス(SIMUL DESIGN OFFICE)","インテリアデザイン(店舗・住宅)","unconfirmed","","not_applicable","uncertain","unknown","pending","","","","","","","false","contact_unverified","pending","pending","pending","","false","pending","","","",""
"lead-8443fc43bd","ペイントはなまる","塗装・リフォーム施工店(一級塗装技能士在籍、自社施工)","confirmed","https://www.tanaka-tosouten.jp/","undetermined","uncertain","unknown","pending","","","","","","","false","contact_unverified","pending","pending","pending","","false","pending","","","",""
"lead-5900bc98f5","有限会社エコ・エネルギー","リフォーム会社(評価ナビ芦屋市掲載)","confirmed","http://www.ecoenergie.jp/","undetermined","uncertain","unknown","pending","","","","","","","false","contact_unverified","pending","pending","pending","","false","pending","","","",""
"lead-13f43f3db8","株式会社三福","リフォーム会社(評価ナビ芦屋市掲載)","unconfirmed","","not_applicable","uncertain","unknown","pending","","","","","","","false","contact_unverified","pending","pending","pending","","false","pending","","","",""
"lead-75846fc0e6","あんじゅホーム","工務店(設計から施工まで一貫、年間24棟限定の注文住宅)","confirmed","https://www.sumai-jp.com/","undetermined","uncertain","unknown","pending","","","","","","","false","contact_unverified","pending","pending","pending","","false","pending","","","",""
"lead-86b211018c","株式会社ケーソウ","リフォーム会社(リショップナビ芦屋市で施工実績が多い会社として掲載)","unconfirmed","","not_applicable","uncertain","unknown","pending","","","","","","","false","contact_unverified","pending","pending","pending","","false","pending","","","",""
"lead-123913f1a7","リニューホーム株式会社","リフォーム会社(リショップナビ芦屋市で施工実績が多い会社として掲載)","confirmed","https://www.renewhome.net/","undetermined","uncertain","unknown","pending","","","","","","","false","contact_unverified","pending","pending","pending","","false","pending","","","",""
"lead-5c85604a5a","株式会社リンクアップ","一級建築士事務所(住宅設計・リノベーション・店舗設計・不動産)","unconfirmed","","not_applicable","uncertain","unknown","pending","","","","","","","false","contact_unverified","pending","pending","pending","","false","pending","","","",""
"g-craft-63d0b17911","G.CRAFT(ジークラフト)","建築設計事務所・工務店(注文住宅・リノベーション)","confirmed","https://gcraft.co.jp/","undetermined","uncertain","unknown","pending","","","","","","","false","contact_unverified","pending","pending","pending","","false","pending","","","",""
"lead-5a85183948","マノアート株式会社","住宅リフォーム・内外装塗装","confirmed","https://manoart.co.jp/","undetermined","uncertain","unknown","pending","","","","","","","false","contact_unverified","pending","pending","pending","","false","pending","","","",""
"pgs-13b6b48a29","株式会社PGSホーム","住宅塗装・リフォーム・太陽光発電","confirmed","https://www.pgs-home.jp/","undetermined","uncertain","unknown","pending","","","","","","","false","contact_unverified","pending","pending","pending","","false","pending","","","",""
"sho-c0b1cb976f","SHOあさひリフォーム株式会社","新築・リフォーム(京阪神対応)","confirmed","http://www.sho-asahi-reform.co.jp/","undetermined","uncertain","unknown","pending","","","","","","","false","contact_unverified","pending","pending","pending","","false","pending","","","",""
"lead-e53f7c09f2","ハウスドクター株式会社","リフォーム・不動産(リショップナビ芦屋市で評価が高い会社として掲載)","unconfirmed","","not_applicable","uncertain","unknown","pending","","","","","","","false","contact_unverified","pending","pending","pending","","false","pending","","","",""
"rivet-design-office-b5b4b9b6a3","rivet design office 株式会社","一級建築士事務所(住宅・商業・医療施設設計)","confirmed","https://rivet-d.jp/","undetermined","uncertain","unknown","pending","","","","","","","false","contact_unverified","pending","pending","pending","","false","pending","","","",""
"three-threedesign-7053097fa7","株式会社THREE(ThreeDesign)","店舗・住宅の内装デザイン、グラフィックデザイン、開業・改装支援","confirmed","https://www.three-design.net/","undetermined","uncertain","unknown","pending","","","","","","","false","contact_unverified","pending","pending","pending","","false","pending","","","",""
"re-loop-6e1b9cfa66","株式会社Re Loop(リループ)","不動産仲介・設計・リノベーション・店舗づくり・歴史的建物の再生(古民家再生)","confirmed","https://re-loop.jp/","undetermined","active","none","pending","","","","","","","false","contact_unverified","pending","pending","pending","","false","pending","","","",""
"lead-0b1d230ac5","シンプルアンドスタイル","インテリアコーディネート・デザインリフォーム(シンプル専門)","confirmed","https://simpleandstyle.com/","undetermined","uncertain","none","pending","","","","","","","false","contact_unverified","pending","pending","pending","","false","pending","","","",""
"lead-ef26466204","アトリエツバキ 一級建築士事務所 椿工務店","一級建築士事務所・工務店(デザイン注文住宅)","confirmed","https://tsubaki-style.jp/","undetermined","active","unknown","pending","","","","","","","false","contact_unverified","pending","pending","pending","","false","pending","","","",""
"lead-cf355913c0","樋口章建築アトリエ","建築設計事務所(住宅・商業施設設計)","confirmed","https://www.sumai-sekkei-atelier.com/","undetermined","uncertain","unknown","pending","","","","","","","false","contact_unverified","pending","pending","pending","","false","pending","","","",""
"thi-s-corporation-edff925fae","リスのリフォーム(株式会社Thi's Corporation)","住宅・店舗・賃貸のリフォーム(水回り・内装・リノベーション)","confirmed","https://this-c.com/","undetermined","uncertain","unknown","pending","","","","","","","false","contact_unverified","pending","pending","pending","","false","pending","","","",""
"artisan-e3a8a32f25","株式会社Artisan(アルチザン)","大工によるリフォーム・リノベーション(古民家リノベーション含む)","confirmed","https://www.artisan-kobe.com/","undetermined","uncertain","unknown","pending","","","","","","","false","contact_unverified","pending","pending","pending","","false","pending","","","",""
"ark-studio-97aad7a91d","ARK STUDIO一級建築士事務所","一級建築士事務所","confirmed","https://arkstudio-mk.com","undetermined","uncertain","unknown","pending","","","","","","","false","contact_unverified","pending","pending","pending","","false","pending","","","",""
"lead-5dfb55b13c","有限会社ミサオケンチクラボ","建築設計事務所","confirmed","https://misaoarc.com","undetermined","active","none","pending","","","","","","","false","contact_unverified","pending","pending","pending","","false","pending","","","",""
"lead-0940c59491","株式会社三福","リフォーム","unconfirmed","","not_applicable","uncertain","unknown","pending","","","","","","","false","contact_unverified","pending","pending","pending","","false","pending","","","",""
"sho-a677bff69e","SHOあさひリフォーム株式会社","リフォーム","unconfirmed","","not_applicable","uncertain","unknown","pending","","","","","","","false","contact_unverified","pending","pending","pending","","false","pending","","","",""
"lead-73a5c3404f","ミサワリフォーム近畿株式会社 営業部","リフォーム(ミサワホームグループ)","confirmed","https://reform.misawa.co.jp","undetermined","active","unknown","pending","","","","","","","false","contact_unverified","pending","pending","pending","","false","pending","","","",""
"lead-557965f9fb","コバヤシルーフ株式会社","リフォーム(屋根工事系と思われる)","unconfirmed","","not_applicable","uncertain","unknown","pending","","","","","","","false","contact_unverified","pending","pending","pending","","false","pending","","","",""
"lead-bf3e17e584","株式会社えびす工務店","工務店・リフォーム","confirmed","https://ebisukoumuten.co.jp","undetermined","active","unknown","pending","","","","","","","false","contact_unverified","pending","pending","pending","","false","pending","","","",""
"lead-2519491251","吾妻工務店","工務店・リフォーム","unconfirmed","","not_applicable","uncertain","unknown","pending","","","","","","","false","contact_unverified","pending","pending","pending","","false","pending","","","",""
"lead-ef0ca3958c","株式会社トーヨー建設","建設・リフォーム","unconfirmed","","not_applicable","uncertain","unknown","pending","","","","","","","false","contact_unverified","pending","pending","pending","","false","pending","","","",""
"lead-02d8fc2184","株式会社ホームテック","リフォーム","unconfirmed","","not_applicable","uncertain","unknown","pending","","","","","","","false","contact_unverified","pending","pending","pending","","false","pending","","","",""
"lead-e644b3c781","アルホームサービス","リフォーム","confirmed","https://alhome.co.jp","undetermined","uncertain","unknown","pending","","","","","","","false","contact_unverified","pending","pending","pending","","false","pending","","","",""
"anristyle-9403375526","ANRISTYLE / リノベ図書館","リフォーム・リノベーション","confirmed","https://www.anri-style.com","undetermined","active","unknown","pending","","","","","","","false","contact_unverified","pending","pending","pending","","false","pending","","","",""
"lead-fe90514829","サンリフォーム","リフォーム","unconfirmed","","not_applicable","uncertain","unknown","pending","","","","","","","false","contact_unverified","pending","pending","pending","","false","pending","","","",""
"lead-2dd67c4511","株式会社住まい工房大栄","リフォーム・雨漏り修理・耐震診断","confirmed","https://sumai-daiei.com/","undetermined","uncertain","unknown","pending","","","","","","","false","contact_unverified","pending","pending","pending","","false","pending","","","",""
"lead-18f831fa92","アーネストスクエア株式会社","インテリアコーディネート・デザイン","confirmed","https://earnest-square.jp/","undetermined","uncertain","unknown","pending","","","","","","","false","contact_unverified","pending","pending","pending","","false","pending","","","",""
"lead-81d22d0a90","みずらぼ(ナサホーム 水まわり工事専門店)","水まわりリフォーム専門店","confirmed","https://mizulabo.co.jp/","undetermined","uncertain","unknown","pending","","","","","","","false","contact_unverified","pending","pending","pending","","false","pending","","","",""
"lead-f18cd9860e","一級建築士事務所 ソツカ建築アトリエ","住宅設計・古民家再生・リノベーション(一級建築士事務所)","unconfirmed","","not_applicable","uncertain","unknown","pending","","","","","","","false","contact_unverified","pending","pending","pending","","false","pending","","","",""
"r-187381c31a","株式会社インテリアR(西口理恵子/整理収納アドバイザー)","整理収納・インテリアコーディネート(個人発信型。リフォーム・設計業ではなく対象業種との適合は要判定)","confirmed","https://interior-r.com/","undetermined","uncertain","unknown","pending","","","","","","","false","contact_unverified","pending","pending","pending","","false","pending","","","",""
"sho-shindo-architects-30665c74e9","真銅祥一朗建築設計事務所(SHO SHINDO ARCHITECTS)","住宅設計・建築設計(一級建築士事務所)","confirmed","https://shindo-a.com/","undetermined","uncertain","unknown","pending","","","","","","","false","contact_unverified","pending","pending","pending","","false","pending","","","",""
"commagram-b318092b1f","COMMAGRAM.(カンマグラム)","空間デザイン・リノベーション・建築・家具(個人設計事務所、代表は前田基行氏)","confirmed","https://commagram.com/","undetermined","uncertain","unknown","pending","","","","","","","false","contact_unverified","pending","pending","pending","","false","pending","","","",""
"lead-6a520e277f","芦屋カーテン・石(カーテン館石)","オーダーカーテン専門店","confirmed","https://ashiyacurtain.com/","undetermined","uncertain","unknown","pending","","","","","","","false","contact_unverified","pending","pending","pending","","false","pending","","","",""
"lead-9470f658c8","有限会社きくや家具店","家具店(木製家具・オーダー・張替・修理)","confirmed","https://www.kikuya-kagu.co.jp/","undetermined","uncertain","unknown","pending","","","","","","","false","contact_unverified","pending","pending","pending","","false","pending","","","",""
"j-46e5c97c62","木と工房家具 Jクオリア(松下木材株式会社)","オーダー家具・造作家具・家具販売(材木店運営)","confirmed","https://www.j-qualia.jp/","undetermined","active","unknown","pending","","","","","","","false","contact_unverified","pending","pending","pending","","false","pending","","","",""
"lead-b14fe1aa48","株式会社グリーンテリア","外構・エクステリア・造園","confirmed","https://www.greenterior.jp/","undetermined","uncertain","unknown","pending","","","","","","","false","contact_unverified","pending","pending","pending","","false","pending","","","",""
"the-roots-design-studio-edd6c19834","the ROOTs design studio","エクステリア・ガーデンデザイン","confirmed","https://the-roots-design.com/","undetermined","uncertain","unknown","pending","","","","","","","false","contact_unverified","pending","pending","pending","","false","pending","","","",""
"lead-bdb55e251f","有限会社植武","造園・外構・エクステリア(創業大正10年)","confirmed","https://uetake-ashiya.co.jp/","undetermined","uncertain","unknown","pending","","","","","","","false","contact_unverified","pending","pending","pending","","false","pending","","","",""
"lead-cd33ed9acb","有限会社阪上撰樹園","造園・植木・庭の相談設計","unconfirmed","","not_applicable","uncertain","unknown","pending","","","","","","","false","contact_unverified","pending","pending","pending","","false","pending","","","",""
"lead-0180e1b3fa","宏苑","造園・庭手入れ・ウッドデッキ・フェンス・ビオトープ","unconfirmed","","not_applicable","uncertain","unknown","pending","","","","","","","false","contact_unverified","pending","pending","pending","","false","pending","","","",""
"lead-3a5633209b","芦屋造園","造園","unconfirmed","","not_applicable","uncertain","unknown","pending","","","","","","","false","contact_unverified","pending","pending","pending","","false","pending","","","",""
"lead-8f15c018b7","芦屋造園協同組合","造園事業者の協同組合(事業者団体の可能性)","unconfirmed","","not_applicable","uncertain","unknown","pending","","","","","","","false","contact_unverified","pending","pending","pending","","false","pending","","","",""
"lead-2678d4af77","株式会社松浦造園土木","造園・土木・外構","unconfirmed","","not_applicable","uncertain","unknown","pending","","","","","","","false","contact_unverified","pending","pending","pending","","false","pending","","","",""
"lead-48396c0fde","為岡緑地建設株式会社","エクステリア・造園の設計施工(1975年創業)","confirmed","http://www.tameoka.co.jp/","undetermined","uncertain","unknown","pending","","","","","","","false","contact_unverified","pending","pending","pending","","false","pending","","","",""
"lead-d548cd98d1","ペイントウォール(株式会社モリエン) 芦屋ショールーム","外壁・屋根・内装塗装(塗料店母体、1919年創業)","unconfirmed","","not_applicable","uncertain","unknown","pending","","","","","","","false","contact_unverified","pending","pending","pending","","false","pending","","","",""
"lead-2f26daf53b","株式会社西田順紀アトリエ","住宅設計・一級建築士事務所","confirmed","https://www.nishida-junki.com/","undetermined","uncertain","none","pending","","","","","","","false","contact_unverified","pending","pending","pending","","false","pending","","","",""
"lead-d7db207e75","株式会社芦屋住宅販売","不動産売買・賃貸(リノベーション物件も販売)","unconfirmed","","not_applicable","uncertain","unknown","pending","","","","","","","false","contact_unverified","pending","pending","pending","","false","pending","","","",""
"renodesignashiya-1808c19c2f","RenoDesignAshiya(リノデザイン芦屋)","リノベーション・リフォーム・不動産相談・店舗デザイン","confirmed","https://renodesign-ashiya.com/","undetermined","uncertain","none","pending","","","","","","","false","contact_unverified","pending","pending","pending","","false","pending","","","",""
"lead-edeb9eb489","有限会社スキルアート","改築・住宅建設・住宅関連全般","confirmed","https://www.skillart.co.jp","undetermined","uncertain","unknown","pending","","","","","","","false","contact_unverified","pending","pending","pending","","false","pending","","","",""
"lead-98ed737ff3","株式会社中岡工務店","工務店・リフォーム","unconfirmed","","not_applicable","uncertain","unknown","pending","","","","","","","false","contact_unverified","pending","pending","pending","","false","pending","","","",""
"lead-6495735bba","有限会社蓑代工務店","工務店・リフォーム・耐震・新築","confirmed","https://minoshiro.com/","undetermined","uncertain","none","pending","","","","","","","false","contact_unverified","pending","pending","pending","","false","pending","","","",""
"lead-5c9bd4269f","有限会社森岡工務店","工務店・新築・増改築・リフォーム","unconfirmed","","not_applicable","uncertain","unknown","pending","","","","","","","false","contact_unverified","pending","pending","pending","","false","pending","","","",""
"lead-18cab70a83","株式会社近藤建設","総合建設・リフォーム・解体","confirmed","http://www.kondokensetsu.com/","undetermined","uncertain","unknown","pending","","","","","","","false","contact_unverified","pending","pending","pending","","false","pending","","","",""
"lead-17f3e92b9e","株式会社改善工房","内装工事・仮設工事の設計施工","unconfirmed","","not_applicable","uncertain","unknown","pending","","","","","","","false","contact_unverified","pending","pending","pending","","false","pending","","","",""
"lead-9478916e9c","株式会社ぷらす・あるふぁ","大規模修繕・リフォーム(マンション修繕寄り)","unconfirmed","https://kouji-plus.com/lp/","not_applicable","uncertain","unknown","pending","","","","","","","false","contact_unverified","pending","pending","pending","","false","pending","","","",""
"lead-208680595d","株式会社ジェーデザイン社","一級建築士事務所・設計施工・店舗工事・インテリア販売","confirmed","https://www.jllll-design.co.jp/","undetermined","uncertain","moderate","pending","","","","","","","false","contact_unverified","pending","pending","pending","","false","pending","","","",""
"lead-6d514185bd","株式会社タイド","一級建築士事務所・新築/リフォーム設計施工","confirmed","https://tidestyle.co.jp/","undetermined","uncertain","unknown","pending","","","","","","","false","contact_unverified","pending","pending","pending","","false","pending","","","",""
"lead-b6fa9d1e77","株式会社ヴィーコ","工務店・注文住宅・戸建/マンションリノベーション(寝屋川にも拠点)","confirmed","https://vico-co.jp/","undetermined","active","none","pending","","","","","","","false","contact_unverified","pending","pending","pending","","false","pending","","","",""
"lead-0800e053ff","株式会社インテルコーポレーション","中古マンション買取・リノベーション","confirmed","https://intelcorp.jp/","undetermined","uncertain","none","pending","","","","","","","false","contact_unverified","pending","pending","pending","","false","pending","","","",""
"lead-567e301fcf","クラシード・芦屋株式会社","不動産仲介・リフォーム(不動産が主)","unconfirmed","https://www.kuraseed.com/","not_applicable","uncertain","unknown","pending","","","","","","","false","contact_unverified","pending","pending","pending","","false","pending","","","",""
"lead-ea989e1929","株式会社アーバンサポート","不動産売買・賃貸(リフォーム相談可)","unconfirmed","https://www.urban-support.biz/","not_applicable","uncertain","unknown","pending","","","","","","","false","contact_unverified","pending","pending","pending","","false","pending","","","",""
"lead-105b1dcffd","株式会社サロンドシックデザインワークス","インテリアデザイン・住宅リフォーム/リノベーション・店舗デザイン","unconfirmed","","not_applicable","uncertain","unknown","pending","","","","","","","false","contact_unverified","pending","pending","pending","","false","pending","","","",""
"io-5aa922ed83","株式会社io設計事務所","建築設計事務所","confirmed","https://io-arch.co.jp/","undetermined","uncertain","none","pending","","","","","","","false","contact_unverified","pending","pending","pending","","false","pending","","","",""
"uo-a-87c70db3d8","Uo.A 一級建築士事務所","一級建築士事務所(個人設計事務所)","unconfirmed","http://uo-a.info/","not_applicable","uncertain","unknown","pending","","","","","","","false","contact_unverified","pending","pending","pending","","false","pending","","","",""
"lead-b4287888b9","大庭徹建築計画","一級建築士事務所(住宅・リノベーション・店舗設計)","unconfirmed","https://www.oba-archi.com/","not_applicable","uncertain","unknown","pending","","","","","","","false","contact_unverified","pending","pending","pending","","false","pending","","","",""
"lead-0338f75aa1","キアラ建築研究機関(芦屋アトリエ)","一級建築士事務所(本社は京都、芦屋に事務所)","confirmed","https://kyara-arc.com/","undetermined","uncertain","moderate","pending","","","","","","","false","contact_unverified","pending","pending","pending","","false","pending","","","",""
"lead-56b4894e96","アドヴァンスアーキテクツ株式会社 芦屋事務所","注文住宅・設計施工(堺市本社、中規模)","unconfirmed","https://www.advance-architect.co.jp/","not_applicable","uncertain","unknown","pending","","","","","","","false","contact_unverified","pending","pending","pending","","false","pending","","","",""
"r-design-49079fcafb","R-design","設計・リノベーション(詳細未確認)","confirmed","https://r-dsgn.net/","undetermined","uncertain","none","pending","","","","","","","false","contact_unverified","pending","pending","pending","","false","pending","","","",""
"lead-6a2e5e54e1","福嶋忠嗣建築設計室","建築設計室(芦屋の和洋館・洋館建築の研究・設計)","unconfirmed","","not_applicable","uncertain","unknown","pending","","","","","","","false","contact_unverified","pending","pending","pending","","false","pending","","","",""
"lead-d3a824b8df","アーチ工房(芦屋店)","住宅関連(詳細未確認)","unconfirmed","","not_applicable","uncertain","unknown","pending","","","","","","","false","contact_unverified","pending","pending","pending","","false","pending","","","",""
"lead-70027c4852","信光住機株式会社","住宅設備・大工工事・管工事(リフォーム)","unconfirmed","","not_applicable","uncertain","unknown","pending","","","","","","","false","contact_unverified","pending","pending","pending","","false","pending","","","",""
"lead-da0dd83a89","速水塗装店","建築塗装・外壁工事・リフォーム","unconfirmed","","not_applicable","uncertain","unknown","pending","","","","","","","false","contact_unverified","pending","pending","pending","","false","pending","","","",""
"lead-b2523502c4","有限会社デザインステーションキキ","グラフィック・クリエーション系デザイン(建築・インテリア業かは未確認)","unconfirmed","https://dskiki.co.jp/","not_applicable","uncertain","unknown","pending","","","","","","","false","contact_unverified","pending","pending","pending","","false","pending","","","",""
"lead-01880805c5","有限会社婆佐羅建築工房","建築設計事務所","unconfirmed","","not_applicable","uncertain","unknown","pending","","","","","","","false","contact_unverified","pending","pending","pending","","false","pending","","","",""
"lead-d161875439","有限会社花田設計事務所","プラント・設備設計(住宅設計ではない可能性が高い)","confirmed","https://hanada-sekkei.co.jp/","undetermined","active","unknown","pending","","","","","","","false","contact_unverified","pending","pending","pending","","false","pending","","","",""
"lead-fc7167ef4f","株式会社長野建設","土木工事(対象外の可能性が高い)","unconfirmed","","not_applicable","uncertain","unknown","pending","","","","","","","false","contact_unverified","pending","pending","pending","","false","pending","","","",""
"lead-c6a77b2895","池本健建設株式会社","舗装・土木(対象外の可能性が高い)","unconfirmed","","not_applicable","uncertain","unknown","pending","","","","","","","false","contact_unverified","pending","pending","pending","","false","pending","","","",""
"sieg-design-d6d0c6926f","Sieg Design(ジークデザイン)","パーソナルトレーニングジム・エステ・ネイル(対象外)","unconfirmed","https://sieg-design.com/","not_applicable","uncertain","unknown","pending","","","","","","","false","contact_unverified","pending","pending","pending","","false","pending","","","",""
"daf-9cd72d302a","DAF株式会社","音楽・映像コンテンツ事業(対象外)","unconfirmed","","not_applicable","active","unknown","pending","","","","","","","false","contact_unverified","pending","pending","pending","","false","pending","","","",""
"lead-0c1633309f","クロスベリタス(芦屋)","十字架アクセサリー・聖品販売(対象外)","unconfirmed","https://cross-veritas.com/","not_applicable","uncertain","unknown","pending","","","","","","","false","contact_unverified","pending","pending","pending","","false","pending","","","",""
"lead-31de6b0468","デグチ企画事務所","サービス業(オンラインアシスタント・会議運営。対象外の可能性が高い)","unconfirmed","","not_applicable","uncertain","unknown","pending","","","","","","","false","contact_unverified","pending","pending","pending","","false","pending","","","",""
"lead-cf09bdef09","芦屋綜合開発株式会社","不動産開発(リフォーム関与は未確認。対象外の可能性あり)","unconfirmed","","not_applicable","uncertain","unknown","pending","","","","","","","false","contact_unverified","pending","pending","pending","","false","pending","","","",""
"lead-f743b1ce64","辻建築設計室","住宅設計・リノベーション設計(一級建築士事務所、個人)","confirmed","https://tsuji-ad.jp/","undetermined","uncertain","none","pending","","","","","","","false","contact_unverified","pending","pending","pending","","false","pending","","","",""
"lead-2ee713514c","有限会社未来設計","商業不動産仲介・店舗開発・商業内装設計施工(住宅リフォーム・設計が主か未確認)","confirmed","https://miraisekkei.com/","undetermined","uncertain","unknown","pending","","","","","","","false","contact_unverified","pending","pending","pending","","false","pending","","","",""
"lead-5e5b6bc3aa","株式会社長野建設","建設業(住宅リフォーム・設計の有無は未確認)","unconfirmed","","not_applicable","uncertain","unknown","pending","","","","","","","false","contact_unverified","pending","pending","pending","","false","pending","","","",""
"blanca-b97dd556a1","株式会社blanca(ブランカ)","インテリア・空間デザイン","confirmed","https://www.e-blanca.co.jp/","undetermined","uncertain","none","pending","","","","","","","false","contact_unverified","pending","pending","pending","","false","pending","","","",""
"lead-e0039308c2","篠原伯母野山デザイン","パーティ空間デザイン・演出(Houzzでインテリアデザイナー区分に掲載。住宅インテリアが主業か未確認)","unconfirmed","","not_applicable","uncertain","unknown","pending","","","","","","","false","contact_unverified","pending","pending","pending","","false","pending","","","",""
"lead-9315a9197a","りとるらっく","インテリアデザイナー・コーディネーター(Houzz区分)","unconfirmed","","not_applicable","uncertain","unknown","pending","","","","","","","false","contact_unverified","pending","pending","pending","","false","pending","","","",""
"stylehouse-96ecee3dea","スタイルハウス(STYLEHOUSE)","工務店・注文住宅・リフォーム(自然素材・造作)","unconfirmed","","not_applicable","uncertain","unknown","pending","","","","","","","false","contact_unverified","pending","pending","pending","","false","pending","","","",""
"jt-462151271a","JTホーム株式会社","外壁塗装・屋根塗装・防水工事","confirmed","https://jthome2018.com/","undetermined","active","unknown","pending","","","","","","","false","contact_unverified","pending","pending","pending","","false","pending","","","",""
"lead-85ae573ba4","あいじょう株式会社","総合住宅リフォーム・畳・給湯器","confirmed","https://www.aijyo.com/","undetermined","uncertain","unknown","pending","","","","","","","false","contact_unverified","pending","pending","pending","","false","pending","","","",""
"lead-db4fa2be24","株式会社安江工務店","リフォーム・新築・不動産(地域大手、名古屋本社)","confirmed","https://www.yasue.co.jp/","undetermined","uncertain","unknown","pending","","","","","","","false","contact_unverified","pending","pending","pending","","false","pending","","","",""
"lead-3992648ebe","株式会社ウィル空間デザイン","マンション・戸建ての大規模リフォーム・リノベーション","confirmed","https://www.wills.co.jp/","undetermined","uncertain","unknown","pending","","","","","","","false","contact_unverified","pending","pending","pending","","false","pending","","","",""
"masa-architects-46464c7aa8","中西正佳建築設計事務所(MASA Architects)","建築設計(注文住宅・リノベーション・店舗ほか)","confirmed","https://www.naka-masa.jp/","undetermined","uncertain","unknown","pending","","","","","","","false","contact_unverified","pending","pending","pending","","false","pending","","","",""
"lead-a7a83a1723","藤原・室建築設計事務所","建築設計(住宅・店舗・リノベーション)","confirmed","https://aplan.jp/","undetermined","uncertain","unknown","pending","","","","","","","false","contact_unverified","pending","pending","pending","","false","pending","","","",""
"muura-inc-8c4ce05572","muura inc.","飲食・物販など商業空間の建築・インテリアデザイン","confirmed","https://muura.jp/","undetermined","uncertain","unknown","pending","","","","","","","false","contact_unverified","pending","pending","pending","","false","pending","","","",""
"with-be-f68dd04c9e","with be株式会社","中古住宅のリノベーション・フルリフォーム(不動産仲介)","confirmed","https://www.withbe.jp/","undetermined","uncertain","unknown","pending","","","","","","","false","contact_unverified","pending","pending","pending","","false","pending","","","",""
