mu-helios（ミューヘリオス）|ミューヘリオス|兵庫県尼崎市南武庫之荘1-23-18 102|美容室（2席のプライベートサロン）|a||https://beauty.hotpepper.jp/slnH000292109/|Hot Pepper・楽天ビューティに掲載、公式サイト未確認|phone=06-6437-0200
hair design bios（ヘアーデザインビオス）|ヘアー デザイン ビオス|兵庫県尼崎市塚口町5-21 ネクステージ五番館 G-1|美容室（プライベートサロン）|a|https://hair-bios.jp/|https://hair-bios.jp/|検索結果に公式サイト候補として表示（内容未確認）|phone=050-3542-0284
AIM（エイム）||尼崎市西立花町（JR立花駅徒歩4分）|美容室（髪質改善・完全予約制）|a||https://epark.jp/shopinfo/rtb646539/|EPARK掲載。公式サイト未確認|
soin de brace elne 立花店|ソワンドゥブレスエルネ|兵庫県尼崎市立花町4-4-16 ロイヤルシャトー立花1F|美容室（髪質改善・半個室）|a|https://soin-de-brace-elne-tachibana.com/|https://soin-de-brace-elne-tachibana.com/|店舗公式サイト表示。既知の「soin de brace 立花店」とは別店舗の可能性が高い|phone=06-6434-1011;ig=https://www.instagram.com/brace_elne_tachibana/
ネイル&エステサロン RICO・K|RICO・K|兵庫県尼崎市南塚口町2丁目20-12|ネイル・エステ|a|http://www.ricok.com/|https://www.ekiten.jp/shop_1070655/|エキテン掲載の公式サイトURL|phone=06-6428-4121
プライベートネイルサロン NAILSJAC|NAILSJAC|兵庫県尼崎市食満7-10-40|ネイル（女性専用・完全予約制プライベートサロン）|a|https://nailsjac.com/|https://nailsjac.com/|公式サイトで住所・予約方法を確認。LINE予約あり|phone=050-3637-5337;ig=@nailsjac_china
プライベートエステサロン sachimasu（サチマス）|sachimasu|〒661-0972 兵庫県尼崎市小中島1-21-9 ルナビル園田201号室|エステ・整体（女性専用・完全個室）|a|https://sachimasu.jp/|https://sachimasu.jp/|公式サイトで住所・完全個室・予約フォームを確認|phone=080-1402-4863;line=https://lin.ee/WgYT7wi
nailsalon calme's|calme's|〒661-0012 兵庫県尼崎市南塚口町3丁目（阪急塚口駅徒歩4分）|ネイル（プライベートサロン）|a||https://amagasaki.mypl.net/shop/00000366154/|まいぷれ・ネイルブック掲載、公式サイト未確認|phone=090-5905-4610
i:Ne nail&eyelash（アイネ）|アイネ ネイルアンドアイラッシュ|〒661-0001 兵庫県尼崎市塚口本町1-16-15 第15キャスル塚口3階|ネイル・まつげ（全室個室）|a||https://amagasaki.mypl.net/shop/00000366179/|Hot Pepper・LINE公式アカウントあり、独自サイト未確認|phone=050-1389-8510;line=https://page.line.me/830cvzao
Kara-Kuri Bisho（カラクリビショウ）||兵庫県尼崎市南武庫之荘3-22-25|美容室（縮毛矯正・エイジング毛特化のプライベートサロン）|a||https://beauty.hotpepper.jp/slnH000307849/|Hot Pepper掲載|
みつばちの美容室||兵庫県尼崎市武庫之荘2-11-11 武庫之荘ハイツ105|美容室（ヘナ・オーガニック・大人女性向け）|a||https://beauty.hotpepper.jp/slnH000292107/|Instagram・アメブロあり、独自サイト未確認|phone=06-6436-2836;ig=https://www.instagram.com/mitubati_hair/
オサム美容室|有限会社オサム美容院|兵庫県尼崎市七松町1丁目3-1-204|美容室|a||https://amagasaki.mypl.net/shop/00000377671/|まいぷれ掲載|phone=06-6416-6784
くろしお美容室||兵庫県尼崎市上坂部3-26-7|美容室（女性スタッフ1人・1席のマンツーマンサロン）|a||https://amagasaki.mypl.net/shop/00000366131/|Instagram・アメブロ・Facebookあり、独自サイト未確認|phone=06-7410-4640;ig=https://www.instagram.com/kuroshiobiyoushitsu/
佳嘉家 美容室||〒661-0032 兵庫県尼崎市武庫之荘東2-4-6|美容室（ヴィーガン・オーガニック認証薬剤）|a||https://amagasaki.mypl.net/shop/list?s=21&pg=2|まいぷれ一覧のみで確認（個別ページ未確認）|
ReAN（リアン）||兵庫県尼崎市東難波町5-17-26 ユニバーサルタワーズ2F|美容室（個室2席・キッズスペース）|a||https://beauty.hotpepper.jp/slnH000731352/|Hot PepperとInstagramを確認、独自サイト未確認|ig=@ma611_52
im.bamboo（インバンブー）||兵庫県尼崎市南武庫之荘1-15-7 2F|美容室・ネイル・まつげ・着付け（2席の小規模サロン）|a|https://www.imbamboo-hn.com/|https://beauty.hotpepper.jp/slnH000697165/|Hot Pepper掲載の公式サイトURL|
きものサロンティファニー||兵庫県尼崎市琴浦町（阪神尼崎センタープール前駅徒歩5分）|着付け・振袖レンタル・ヘアセット（自宅サロン形式）|a||https://beauty.hotpepper.jp/slnH000477814/|Hot Pepper掲載のみ確認|
ale（エール）hair design ale|hair design ale|兵庫県尼崎市三反田町3-12-6 1F|美容室（2席・着付け対応）|a||https://beauty.hotpepper.jp/slnH000473676/|Hot Pepper掲載|
comu（コム）brow&eyelash|コム|兵庫県尼崎市武庫之荘1丁目16-8 ジョンメゾン武庫之荘2 203|まつげ・アイブロウ（完全プライベート・マンツーマン）|a||https://beauty.hotpepper.jp/kr/slnH000781087/|Hot Pepper掲載|
Colon Nail（コロンネイル）尼崎||兵庫県尼崎市菜切山町41-2|ネイル（個室完備）|a||https://beauty.rakuten.co.jp/s4000054121/|同名の東京・島根の別事業者サイトは無関係として除外|phone=050-1869-0509
Dearly Nail（ディアリーネイル）|DearlyNail|兵庫県尼崎市上ノ島町1丁目9-10|ネイル（完全予約制）|a|https://dearlynail.com/|https://dearlynail.com/|検索結果で「兵庫県尼崎市のネイルサロンならDearlyNail」として表示。LINE予約あり|phone=070-9077-3585
DENPASAR eyelash＆NAIL 尼崎立花店|DENPASAR 立花店|兵庫県尼崎市七松町1丁目13-22 ボディーワークスビルディング|まつげ・ネイル（個室あり）|a||https://www.beauty-park.jp/shop/76755/|チェーン本部ブログ(ameblo denpasar-1)あり、店舗独自サイト未確認|phone=06-6416-6905
beauty salon m.c bell（エムシーベル）|m.c bell|兵庫県尼崎市浜3丁目5-35|ネイル・まつげ・エステ・メイク|a||https://beauty.hotpepper.jp/kr/slnH000445486/|別ID(slnH000739950)の掲載もあり。同一店か未確認|
Ruhe eyelash salon（ルーエ）|Ruhe|兵庫県尼崎市南塚口町2丁目12-8 サンライトハイツ202|まつげ（1席のプライベートサロン）|a||https://beauty.hotpepper.jp/kr/slnH000795808/|Hot Pepper掲載|
nail salon mw（ムウ）|mw|兵庫県尼崎市南塚口町1丁目2-8 ネオダイキョー塚口316|ネイル（完全個室）|a||https://beauty.hotpepper.jp/kr/slnH000672705/|Hot Pepper掲載|
micheline nail（ミシュリーヌネイル）|nail salon micheline.|尼崎市（阪急武庫之荘駅徒歩5〜6分）|ネイル（完全予約制プライベートサロン）|a||https://www.beauty-park.jp/shop/77990/|アメブロ https://ameblo.jp/micheline-nail/ あり|
LapisEyelash（ラピスアイラッシュ）||尼崎市園田（詳細住所未確認）|まつげ（マツエク・まつげパーマのプライベートサロン）|a|https://lapiseyelash.studio.site/|https://lapiseyelash.studio.site/|サイトはあるが住所・連絡先は未確認|
キモノリボーン（マンツーマン着付け教室）|初心者さんが綺麗に！マンツーマン着付け教室尼崎 キモノリボーン|尼崎市（詳細住所未確認）|着付け教室・出張着付け|a|https://reborn-kimono.com/|https://reborn-kimono.com/|公式サイトで教室・出張着付けを確認。LINE@あり|ig=@kimono.reborn
青木美容店||尼崎市（阪急塚口駅徒歩1分・ワンルームマンション）|美容室（完全個室・1席）|a||https://beauty.hotpepper.jp/slnH000565054/|既知の「青木理容店(浜田町)」とは別|
village-f||尼崎市（阪急武庫之荘駅徒歩5分）|美容室（完全マンツーマンのプライベートサロン）|a||https://beauty.hotpepper.jp/genre/gkw067/pre28/city20200000/PN3/|Hot Pepper一覧のみ|
canna（カンナ）||尼崎市（阪急武庫之荘駅周辺）|美容室（2席・ダメージケア特化）|a||https://beauty.hotpepper.jp/genre/gkw067/pre28/city20200000/PN3/|Hot Pepper一覧のみ|
bloom hair design||尼崎市（阪急塚口駅周辺）|美容室（半個室）|a||https://beauty.hotpepper.jp/genre/gkw067/pre28/city20200000/PN2/|Hot Pepper一覧のみ|
bloom hair design due||尼崎市（阪急塚口駅周辺）|美容室（髪質改善・縮毛矯正専門）|a||https://beauty.hotpepper.jp/genre/gkw067/pre28/city20200000/PN2/|bloom hair designとは別店舗として掲載。同一事業者か未確認|
Liberta塚口|リベルタ塚口|尼崎市（阪急塚口駅北出口徒歩3分）|美容室（マンツーマン・髪質改善）|a||https://beauty.hotpepper.jp/slnH000726255/|Hot Pepper掲載|
IREN.（イレン）||尼崎市（阪急武庫之荘駅周辺）|美容室（個室系・子連れ歓迎）|a||https://beauty.hotpepper.jp/genre/gkw067/pre28/city20200000/PN2/|Hot Pepper一覧のみ|
OLIVIA HAIR||尼崎市（阪急武庫之荘駅周辺）|美容室（個室系）|a||https://beauty.hotpepper.jp/genre/gkw067/pre28/city20200000/PN2/|Hot Pepper一覧のみ|
Jennifer（ジェニファー）||尼崎市（阪急武庫之荘駅徒歩6分）|美容室（個室系）|a||https://beauty.hotpepper.jp/slnH000754226/|既知の「ジェニー(東難波町)」とは別事業者|
髪質改善SALON MIST+|MIST+|尼崎市（阪神尼崎駅周辺）|美容室（半個室×マンツーマン）|a||https://beauty.hotpepper.jp/slnH000770832/|既知の「HAIR SALON MIST」と同一系列の可能性あり。別ID掲載のため別候補として返す|
Cut&Beauty MOON||尼崎市（JR立花駅北口徒歩5分）|理容・美容（女性理容師、顔剃り）|a||https://beauty.hotpepper.jp/slnH000545461/|Hot Pepper掲載|
HAIR STAGE Ra Plume||尼崎市（阪急武庫之荘駅徒歩1分）|美容室（個室系）|a||https://beauty.hotpepper.jp/genre/gkw067/pre28/city20200000/PN3/|Hot Pepper一覧のみ|
benova（ヴィノバ）||尼崎市（阪急塚口駅北口徒歩5分）|美容室（3席、個室系）|a||https://beauty.hotpepper.jp/slnH000557026/|Hot Pepper掲載|
hair house ヴィサージュ||尼崎市（阪急塚口駅徒歩5分）|美容室|a||https://beauty.hotpepper.jp/slnH000111977/|Hot Pepper掲載|
Sunny Ranch（サニーランチ）||尼崎市（JR尼崎駅徒歩4分）|美容室（女性専用・予約制）|a||https://beauty.hotpepper.jp/genre/gkw068/stc3241031/|HELLOWS(既知)の2階に併設との記載あり。別事業者として返す|
HARE/MA（ハレマ）||尼崎市（JR尼崎駅徒歩10分）|美容室（個室系）|a||https://beauty.hotpepper.jp/genre/gkw068/stc3241031/|Hot Pepper一覧のみ|
PETAL（ペタル）||尼崎市（JR尼崎駅徒歩5分）|美容室（個室系・大人世代向け）|a||https://beauty.hotpepper.jp/genre/gkw067/stc3241031/|Hot Pepper一覧のみ|
