lead-2c717e6817	https://stella-e.jimdofree.com/
lead-50e6df64e4	http://www.jetsacademy.org/
abc-d692573317	https://abci.co.jp/
lead-ec8f635c47	https://oomichigakuenn.jimdofree.com/
lead-bcef0c077e	https://aire-nishinomiya.com/
lead-8aa721e2d7	https://www.hanshin-academy.jp/
lead-bdea8f8bea	https://advance-corporation.com/
lead-55a4a33413	http://www.matsumoto-semi.com/
lead-f6da40ac6c	http://www.sirius-nishinomiya.com/
jr-0065eb0833	https://e-rikkyo.jp/
lead-95275c6347	https://lactarius.net/
lead-4ef37e350d	https://yoshimoto-juku.com/
nkt-ef0c1efa03	https://nkt-juku-web.com/
lead-e6938f126f	https://www.christian-center.com
lead-7758aea568	https://eproepro.com/
willbe-b086462ee0	https://www.willbe-inc.com/
plus-study-96eca66854	https://plusstudy.net/
lead-5f7c09ea01	https://www.ishikura-juku.co.jp/
lead-e53d043e37	https://iwano-eigojuku.com/
lead-aeb99b23e1	http://ishinjuku.com/