lead-6356a7a80d	https://yamasakijuku.jp/
lead-53a69b8477	https://www.tohmonjuku.net/
lead-7b330dc6a6	https://chigakudo.com/
lead-1030fb437c	https://asukajuku.com/
class-e-73fec150a5	https://class-e-jp.com/
lead-c342637171	https://www.marvinschool.com/
aie-981f9e2aff	https://aie-campus.com/campus/nishinomiya/
lead-dfc5d2610d	https://eiken-academy.com/class-2/hyougo/koshienguchi/
lead-842a64e418	https://www.brightfutures.co.jp/
lead-c1b1f395d4	https://www.prevail-jp.com/
lead-cab16f606d	https://smithweb.co.jp/kotoen/
lead-769a59dd9f	https://manabikobetsu.info/
lead-eb4783ec93	https://kobetsu-fit.net/
lead-ef059e0b6f	https://www.kaishinkan.net/school/nishinomiya/nishikita/
j-s-english-club-17c9f2eadf	https://j-s.club
a-english-1bc5ac1916	https://aenglish.amebaownd.com
lead-e9151751f1	https://christian-center.com
phillips-english-school-dcc6b3c85e	https://philipsenglishschool.com
aire-a3a55ae5e9	https://aire-eikaiwa.com
lead-55e5aacbfc	https://terakoyajyuku.com/
iteen-500e54c9c9	https://nishinomiya-programming.com/
lead-8fa8566dfb	https://8x9.jp/school/nishinomiyakitaguchi/
lead-4c67e4056f	https://shukugawa0082.wixsite.com/shukuei
lead-5eae50323e	http://www.hamada-juku.com/
lead-c339ec6c0f	https://kitaguchi-juku.com/
nuance-0e6f5738e6	http://www.nuanceinc.com/
2-5ed9bfd13c	https://miraenglish.com/
academy-76568bba9c	https://www.eigoterakoyaacademy.com/
lead-419fec3866	https://www.sanaijuku.com/
lead-d6568ee812	https://axivacademy.com/nishikita
funship-fe660d978d	https://www.funshipcommunication.com/
ca-mikoenglishtalk-7e8f370daf	https://sites.google.com/view/mikoenglishtalk/%E3%83%9B%E3%83%BC%E3%83%A0
lead-05d2cc2fd3	https://suugakuintegral.main.jp/
leglabo-7930afb28a	https://www.leglabo.jp/
lead-ff8dde2221	https://www.kotonoha-sakubun.com/
lead-1b2357ba85	https://wwb.jp/sakuranomori2008/
kibou-9f7c0964be	https://jukukibou.biz/
education-8600f0a28e	https://education20180201.wixsite.com/education
lead-3fb57dad2f	https://www.atama-te.com/
lead-ea5aa86638	https://www.edu-pa.jp/
lead-bb3cff595c	https://learnmate.me/
lead-2185996777	https://advance-corporation.com/
lead-5dc4c76218	https://www.inasoro.com/
english-savvy-english-savvy-abb3baaf6e	https://englishsavvy.jp/
lead-a0473d79ef	https://www.rkxenglish.com/
lead-4e7af58b4c	https://www.perapera-school.com/
little-clover-764a5a7e0d	https://littleclover.net/
lead-aeb99b23e1	http://ishinjuku.com/
anne-6c720b6946	https://www.1anne.jp/
nature-house-international-c-581bc51436	https://www.naturehouseinternational.com/
555-7731baeb78	https://www.555eikaiwa.com/
lead-a95129812c	https://e-rikkyo.jp/
