lead-1316e07acb	みそら塾	学習塾	confirmed	https://www.misorajyuku.com/	兵庫県西宮市中屋町11-7-201
lead-6356a7a80d	やまさき塾	学習塾	confirmed	https://yamasakijuku.jp/	西宮市(夙川駅すぐ)
lead-53a69b8477	稲門塾	学習塾	confirmed	https://www.tohmonjuku.net/	西宮・宝塚エリア
lead-7b330dc6a6	智学堂	学習塾	confirmed	https://chigakudo.com/	西宮市甲東園周辺（番地未確認）
lead-1030fb437c	あすか塾	学習塾	confirmed	https://asukajuku.com/	西宮市甲子園周辺（番地未確認）
class-e-73fec150a5	class e	英会話教室	confirmed	https://class-e-jp.com/	阪急今津線 甲東園駅近く
lead-c342637171	マービンスクール英会話	英会話教室	confirmed	https://www.marvinschool.com/	兵庫県西宮市津門大塚町1-28
aie-981f9e2aff	AIE英語専科 西宮キャンパス	英会話教室	confirmed	https://aie-campus.com/campus/nishinomiya/	西宮市（門戸厄神付近、番地未確認）
lead-dfc5d2610d	英検アカデミー 甲子園口教室	英会話教室	confirmed	https://eiken-academy.com/class-2/hyougo/koshienguchi/	JR甲子園口駅徒歩1分（番地未確認）
lead-2c717e6817	かもめ英会話教室	英会話教室	unconfirmed		兵庫県西宮市本町10-2
lead-50e6df64e4	ジェッツ・アカデミー	英会話教室	unconfirmed		兵庫県西宮市甲風園1-4-16
abc-d692573317	英語塾ABC 西宮北口教室	英会話教室	unconfirmed		兵庫県西宮市甲風園1-11-14 野村ビ
lead-6dc30253f7	新響楽器 ミュージックサロン西宮北口（英会話併設の可能性あり）	英会話教室	unconfirmed		兵庫県西宮市南昭和町2-30
lead-ec8f635c47	大道学園	学習塾	unconfirmed		
lead-bcef0c077e	アイレ進学塾	学習塾	unconfirmed		
lead-8aa721e2d7	阪神進学アカデミー	学習塾	unconfirmed		
lead-bdea8f8bea	アドバンス 阪神・西宮本校	学習塾	unconfirmed		
ecc-c286381b05	ＥＣＣベストワン 阪神西宮駅前校	学習塾	unconfirmed		
lead-3368b45790	個別指導塾ノーバス 西宮校	学習塾	unconfirmed		
lead-106ac36231	個別指導学院フリーステップ 阪神西宮教室	学習塾	unconfirmed		
lead-55a4a33413	松本ゼミ・大学受験英語	学習塾	unconfirmed		
lead-f6da40ac6c	個別指導塾シリウス	学習塾	unconfirmed		
jr-0065eb0833	立教学習院 ＪＲ西宮教室	学習塾	unconfirmed		
ss-1b3fd5b3d6	ＳＳゼミナール 東夙川校	学習塾	unconfirmed		
lead-5cb15b0425	稲門塾 阪神西宮教室	学習塾	unconfirmed		
ie-95435bd265	スクールＩＥ 西宮校	学習塾	unconfirmed		
ie-e65afa3760	スクールＩＥ 今津校	学習塾	unconfirmed		
lead-2337ee8c30	パーソナル学習会	学習塾	unconfirmed		
lead-a0e7eb1c01	プログレス西宮教室	学習塾	unconfirmed		
lead-1d2b2b1868	平畑塾	学習塾	unconfirmed		
lead-95275c6347	ラクタリウス塾	学習塾	unconfirmed		
lead-0a8d8a5cf7	久保進学塾	学習塾	unconfirmed		
lead-2cd7d3a285	進学塾拓未	学習塾	unconfirmed		
lead-1e8107b35e	西宮理数伸学舎	学習塾	unconfirmed		
lead-4ef37e350d	吉本塾	学習塾	unconfirmed		
lead-52bd987e96	個別指導イールート香枦園駅前校	学習塾	unconfirmed		
lead-32bd2fbba8	アップ教育企画 開進館広田校	学習塾	unconfirmed		
lead-842a64e418	ブライトフューチャーズ	英会話教室	confirmed	https://www.brightfutures.co.jp/	夙川・苦楽園エリア
lead-c1b1f395d4	プリヴェール英会話 夙川教室	英会話教室	confirmed	https://www.prevail-jp.com/	夙川駅より徒歩2分
lead-cab16f606d	スミス英会話 甲東園校	英会話教室	confirmed	https://smithweb.co.jp/kotoen/	甲東園
lead-b1e91b8a24	コア英語教室 香櫨園教室	英会話教室	unconfirmed		香櫨園駅徒歩7分
lead-74eb2035b3	アミティー 西宮夙川校	英会話教室	unconfirmed		夙川
lead-2520f2d0a2	アミティー 西宮甲子園校	英会話教室	unconfirmed		西宮市甲子園浦風町8-20
lead-e52cc90491	アミティー 西宮甲東園校	英会話教室	unconfirmed		甲東園
ecc-f578e7e1fe	ECCジュニア 西宮北口教室	英会話教室	unconfirmed		西宮北口
z-1310ac0d1c	Z会 西宮北口教室	学習塾	unconfirmed		西宮北口
lead-cbeade687f	松陰塾 西宮鳴尾校	学習塾	unconfirmed		鳴尾
red-7bef318473	自立学習塾RED 鳴尾教室	学習塾	unconfirmed		鳴尾町
lead-769a59dd9f	個別指導まなび 甲子園口教室	学習塾	confirmed	https://manabikobetsu.info/	甲子園口
ie-814045e349	スクールIE 西宮名塩校	学習塾	unconfirmed		名塩
lead-5cc79b0b23	武田塾 西宮北口校	学習塾	unconfirmed		西宮北口
lead-eb4783ec93	個別指導塾フィット 西宮北口校	学習塾	confirmed	https://kobetsu-fit.net/	西宮北口
lead-ef059e0b6f	開進館 西宮北口校	学習塾	confirmed	https://www.kaishinkan.net/school/nishinomiya/nishikita/	西宮北口
nkt-ef0c1efa03	NKT進学塾	学習塾	unconfirmed		
j-s-english-club-17c9f2eadf	J's English Club 段上西	英会話教室	confirmed	https://j-s.club	兵庫県西宮市段上町7-1-35 松本ビル
a-english-1bc5ac1916	A-English 子供英会話	英会話教室	confirmed	https://aenglish.amebaownd.com	兵庫県西宮市上葭原町1-34
lead-e9151751f1	夙川キリスト教センター	英会話教室	confirmed	https://christian-center.com	兵庫県西宮市大出町3-2
phillips-english-school-dcc6b3c85e	Phillips English School	英会話教室	confirmed	https://philipsenglishschool.com	兵庫県西宮市甲子園口4-13 パラッツォ
aire-a3a55ae5e9	Aire英会話教室	英会話教室	confirmed	https://aire-eikaiwa.com	兵庫県西宮市田中町5-10 NSビル2F
skyhouse-english-academy-a9ed3e31a4	SkyHouse English Academy	英会話教室	unconfirmed		兵庫県西宮市南越木岩町13-3
lead-24d4e3c37f	子ども英語ラボ・パーティ 西宮甲陽園教室	英会話教室	unconfirmed		兵庫県西宮市六軒町11-26
lead-25a3cc3a0c	ラボ・パーティ 鳴尾支所近辺教室	英会話教室	unconfirmed		兵庫県西宮市鳴尾町
lead-7a0923d8ef	ラボ・パーティ 大社会場	英会話教室	unconfirmed		兵庫県西宮市大社町
lead-9bbfff647f	ラボ・パーティ なるお会館教室	英会話教室	unconfirmed		兵庫県西宮市鳴尾町3-8-7
english-d2c0f288fb	はまキッズEnglish 西宮校	英会話教室	unconfirmed		兵庫県西宮市甲東園1-4-5
ytj-kids-2c83bf1977	YTJ KIDS ユースシアタージャパン 西宮スタジオ	英会話教室	unconfirmed		兵庫県西宮市南昭和町1-3
kids-duo-290b09c4e0	Kids Duo 門戸厄神	英会話教室	unconfirmed		兵庫県西宮市下大市東町38-24
kids-duo-7eaac4f98e	Kids Duo 甲子園口	英会話教室	unconfirmed		兵庫県西宮市甲子園口3-29-10
kids-duo-0b66326fec	Kids Duo 西宮北口	英会話教室	unconfirmed		兵庫県西宮市高松町5丁目18
lead-35ea11a4dd	トライ式英会話 西宮北口駅前校	英会話教室	unconfirmed		兵庫県西宮市北昭和町3-18
ibuki-lepton-f970f6e568	ibuki個別指導学院Lepton 鳴尾教室	学習塾	unconfirmed		兵庫県西宮市鳴尾町4-14-23
lepton-bd5444d59d	創学舎Lepton 西宮名塩教室	学習塾	unconfirmed		兵庫県西宮市名塩新町8 5F
lepton-d2c18a52db	木村塾Lepton 阪神甲子園教室	学習塾	unconfirmed		兵庫県西宮市甲子園九番町8-12
lepton-394981de4a	木村塾Lepton 甲東園教室	学習塾	unconfirmed		兵庫県西宮市甲東園1-5-1
lepton-cc5bde246c	木村塾Lepton 西宮前浜教室	学習塾	unconfirmed		兵庫県西宮市前浜町10-11
lepton-c9b3901d6a	木村塾Lepton 門戸厄神校教室	学習塾	unconfirmed		兵庫県西宮市下大市東町16-1
lepton-aba3d26088	木村塾Lepton 広田教室	学習塾	unconfirmed		兵庫県西宮市柳本町4-16
lepton-dcbb8dfe95	木村塾Lepton 上甲子園教室	学習塾	unconfirmed		兵庫県西宮市甲子園口5-16-14
lead-55e5aacbfc	新!寺子屋塾	学習塾	confirmed	https://terakoyajyuku.com/	
lead-54d1c0c3c1	アクティメソッド 夙川	英会話教室	unconfirmed		兵庫県西宮市大井手町2-7 羽衣夙川サン
iteen-500e54c9c9	iTeen西宮津門校	学習塾	confirmed	https://nishinomiya-programming.com/	
lead-8fa8566dfb	キッズプログラミングスクールハック 西宮北口校	学習塾	confirmed	https://8x9.jp/school/nishinomiyakitaguchi/	
lead-4c67e4056f	夙川英数教室	学習塾	confirmed	https://shukugawa0082.wixsite.com/shukuei	西宮市(夙川駅前)
lead-5eae50323e	濱田塾	学習塾	confirmed	http://www.hamada-juku.com/	西宮市(夙川)
lead-c339ec6c0f	北口塾	学習塾	confirmed	https://kitaguchi-juku.com/	西宮市(西宮北口)
lead-e6938f126f	夙川クリスチャンセンター	英会話教室	unconfirmed		西宮市(夙川)
nuance-0e6f5738e6	ヌアンス(Nuance)英会話	英会話教室	confirmed	http://www.nuanceinc.com/	西宮市(西宮北口・苦楽園口・門戸厄神・甲
2-5ed9bfd13c	ミライングリッシュ 西宮北口駅第2教室	英会話教室	confirmed	https://miraenglish.com/	西宮市(西宮北口)
academy-76568bba9c	英語寺子屋ACADEMY	英会話教室	confirmed	https://www.eigoterakoyaacademy.com/	
kids-abc-club-67c84f5343	KIDS ABC CLUB	英会話教室	unconfirmed		宝塚市・仁川(阪急仁川駅すぐ)・西宮でレ
lead-419fec3866	さない塾	学習塾	confirmed	https://www.sanaijuku.com/	
lead-e68bb45c29	オリーブこども教室(英語リトミック)	英会話教室	unconfirmed		尼崎市・西宮市で開催。会場未確認
lead-d6568ee812	アクシブアカデミー 西宮北口校	学習塾	confirmed	https://axivacademy.com/nishikita	西宮市北昭和町3-19 エトールII 2
e-s-e382cf85ef	E・S・国語塾	学習塾	unconfirmed		兵庫県西宮市川東町4-2-301
lead-e3168518ad	プログレス苦楽園教室	学習塾	unconfirmed		兵庫県西宮市木津山町11-11
lead-eba97761b5	志高塾 西宮北口校	学習塾	unconfirmed		兵庫県西宮市高松町11-2
lead-7758aea568	イングリッシュ・プロダクション	英会話教室	unconfirmed		兵庫県西宮市羽衣町10-9
lead-54596d54b8	秀英学習塾	学習塾	unconfirmed		兵庫県西宮市鳴尾町4丁目2-30
lead-0d1fd058c3	西林塾	学習塾	unconfirmed		兵庫県西宮市小曽根町3-9-14
lead-44057f87b7	ときわの塾	学習塾	unconfirmed		兵庫県西宮市常磐町1-2
willbe-b086462ee0	自習塾WillBe	学習塾	unconfirmed		兵庫県西宮市津門川町5-16
lead-b248d4f674	ステージメソッド塾	学習塾	unconfirmed		兵庫県西宮市甲風園1-7-6
doeng-81d53691d0	DoEng! 香櫨園教室	学習塾	unconfirmed		兵庫県西宮市宮西町3-9
lead-ffeebb2a99	修学館英数教室	学習塾	unconfirmed		兵庫県西宮市今津曙町1-21
lead-14dee0959f	ジュノ★クラムスクール	学習塾	unconfirmed		兵庫県西宮市今津山中町7-21
lead-199a5253d6	個別指導塾の学習空間 鳴尾教室	学習塾	unconfirmed		兵庫県西宮市鳴尾町4丁目13-18
s-live-df4b41292e	個別指導塾s-Live	学習塾	unconfirmed		兵庫県西宮市段上町1-1-15 ジャステ
aoi-41ea0956dc	総合型選抜専門塾AOI 西宮北口校	学習塾	unconfirmed		兵庫県西宮市甲風園1丁目9-8 睦ビル中
wam-51b486ba62	個別指導WAM 小曽根校	学習塾	unconfirmed		兵庫県西宮市小曽根町3-1-36
loohcs-a4f594049e	Loohcs志塾 西宮北口	学習塾	unconfirmed		兵庫県西宮市高木西町4-24 クレスト西
ways-89175e1c4a	中高一貫校専門 個別指導塾WAYS 西宮北口教室	学習塾	unconfirmed		兵庫県西宮市甲風園1丁目11-14 野村
lead-a97ba26eb8	個別指導塾トライプラス 香櫨園校	学習塾	unconfirmed		兵庫県西宮市市庭町8-23
lead-08a6e6690b	トリプレット・イングリッシュ・スクール 西宮北口教室	英会話教室	unconfirmed		兵庫県西宮市高松町4-37 中林ビル西宮
lead-b14697ccc0	坪田塾 西宮北口校	学習塾	unconfirmed		兵庫県西宮市南昭和町3-8 サテライトビ
lead-7880e3f600	修優舘	学習塾	unconfirmed		
lead-179a41ae23	進学館	学習塾	unconfirmed		
lead-ee1c75602b	個別館	学習塾	unconfirmed		
lead-3b2905a000	ゴールフリー 苦楽園教室	学習塾	unconfirmed		
manavi-labs-lepton-2a35c151c5	MaNavi.labsマナラボLepton鳴尾教室	学習塾	unconfirmed		
lead-448a5bc455	コーチ学習塾 甲陽園校	学習塾	unconfirmed		
lead-8b3811ee3a	関学ゼミナール	学習塾	unconfirmed		阪急西宮北口本校
lead-fca007026c	学習塾ドリーム・チーム	学習塾	unconfirmed		
lead-d8932bee4f	アプロット進学個別塾	学習塾	unconfirmed		西宮北口校
lead-17b70fb7aa	モチベーションアカデミア	学習塾	unconfirmed		西宮北口校
lead-942de404d0	大学受験専門塾 隆盛ゼミナール	学習塾	unconfirmed		西宮北口校
lead-cf33fe4306	現論会	学習塾	unconfirmed		西宮苦楽園校(阪急甲陽線 苦楽園口駅)
lead-144fa10fe7	大学受験テラス	学習塾	unconfirmed		夙川校(阪急神戸本線 夙川駅)
atama-134454f1e3	進学個別atama+塾	学習塾	unconfirmed		門戸校(阪急今津線 門戸厄神駅)
lead-9876d52f7d	個別戦略指導会	学習塾	unconfirmed		夙川駅(阪急神戸本線)
medi-up-d052c169a8	医系受験専門 Medi-UP	学習塾	unconfirmed		西宮北口駅(阪急神戸本線)
lead-51c22741e7	ブルードルフィンズ 香櫨園校	英会話教室	unconfirmed		
lead-6ef1e4129f	キンダーキッズインターナショナルスクール西宮校	英会話教室	unconfirmed		
lead-1eb1952930	スーパーピグマリオン苦楽園教室	学習塾	unconfirmed		
lead-05d1c2579f	西宮インターナショナルスクール	英会話教室	unconfirmed		
lead-c22c3c79d7	夙川プリスクール	英会話教室	unconfirmed		
lead-92e579d8b6	夙川プリ・スクール知能教室	学習塾	unconfirmed		
lead-b469107818	パール アンド フィリップスクール	英会話教室	unconfirmed		
ken-2db321e8b1	KEN外国語教室	英会話教室	unconfirmed		兵庫県西宮市甲子園高潮町6-25
lead-e872d820e0	コア英語教室夙川校	英会話教室	unconfirmed		兵庫県西宮市相生町7-3
lead-e9eac51368	苦楽園スタディクラブ	英会話教室	unconfirmed		兵庫県西宮市南越木岩町9-5
plus-study-96eca66854	大学受験専門英語塾 プラススタディ・Plus Study	学習塾	unconfirmed		兵庫県西宮市甲風園1-7-5
gq-d9bf63f6ac	次世代創造進学塾GQマスターズ 苦楽園校	学習塾	unconfirmed		兵庫県西宮市南越木岩町6-7
sugino-6bcfef9471	SUGINO個別英語教室	英会話教室	unconfirmed		兵庫県西宮市大谷町2-5
lead-3c80e48aff	論理塾	学習塾	unconfirmed		兵庫県西宮市羽衣町7-30 夙川グリーン
lead-cb0ab6960f	ネスコム西宮北口教室	学習塾	unconfirmed		兵庫県西宮市南昭和町4-9
lead-7e1c21fdb9	個別学習塾インフィニティ 学文教室	学習塾	unconfirmed		兵庫県西宮市学文殿町2丁目7-17
seeds-94113e5a91	個別学習塾Seeds 甲東園教室	学習塾	unconfirmed		兵庫県西宮市甲東園2丁目7-22
gq-00224e6c89	次世代創造進学塾GQマスターズ 甲子園校	学習塾	unconfirmed		兵庫県西宮市甲子園高潮町1-15
plus-2c59296983	個別指導部 ブラウンPLUS	学習塾	unconfirmed		兵庫県西宮市門戸荘17-48
lead-d2fc354f76	家庭教師 吉田元気	学習塾	unconfirmed		兵庫県西宮市両度町
lead-5f7c09ea01	石倉塾本部	学習塾	unconfirmed		兵庫県西宮市甲子園口
funship-fe660d978d	Funship英語教室	英会話教室	confirmed	https://www.funshipcommunication.com/	
ca-mikoenglishtalk-7e8f370daf	元外資系CAが教える英会話レッスン 英会話サロン(mikoenglishtalk)	英会話教室	confirmed	https://sites.google.com/view/mikoenglishtalk/%E3%83%9B%E3%83%BC%E3%83%A0	苦楽園(バス停から徒歩10分)
lead-05d2cc2fd3	数学専門塾∫インテグラル∫	学習塾	confirmed	https://suugakuintegral.main.jp/	
leglabo-7930afb28a	LEGLABO(レグラボ)	学習塾	confirmed	https://www.leglabo.jp/	
lead-ff8dde2221	ことのは塾	学習塾	confirmed	https://www.kotonoha-sakubun.com/	
lead-1b2357ba85	さくら塾(さくらの森)	学習塾	confirmed	https://wwb.jp/sakuranomori2008/	
kibou-9f7c0964be	塾KIBOU(きぼう) 門戸甲東校	学習塾	confirmed	https://jukukibou.biz/	
education-8600f0a28e	理数塾education	学習塾	confirmed	https://education20180201.wixsite.com/education	苦楽園口周辺
lead-e53d043e37	岩野英語塾 西宮北口教室	学習塾	unconfirmed		西宮北口駅徒歩約3分
lead-3fb57dad2f	個別指導塾 あたまとて	学習塾	confirmed	https://www.atama-te.com/	西宮市(苦楽園教室、甲陽園教室)。番地未
lead-ea5aa86638	数理教育研究会	学習塾	confirmed	https://www.edu-pa.jp/	
lead-bb3cff595c	ラーンメイト	学習塾	confirmed	https://learnmate.me/	
lead-2185996777	総合進学塾アドバンス	学習塾	confirmed	https://advance-corporation.com/	
lead-5dc4c76218	わかるって楽しい算数教室	学習塾	confirmed	https://www.inasoro.com/	
plus-618c5a1198	スクラムPLUS 西宮今津教室	学習塾	unconfirmed		
english-savvy-english-savvy-abb3baaf6e	English Savvy（こども英会話English Savvy）	英会話教室	confirmed	https://englishsavvy.jp/	〒662-0864 西宮市越水町6番12
lead-a0473d79ef	アークス英会話	英会話教室	confirmed	https://www.rkxenglish.com/	
lead-1299adb191	ステップワールド	英会話教室	unconfirmed		
lead-4e7af58b4c	ドレミインターナショナルスクール 甲子園校	英会話教室	confirmed	https://www.perapera-school.com/	
little-clover-764a5a7e0d	LITTLE CLOVER（リトルクローバー）幼児さんすう教室	学習塾	confirmed	https://littleclover.net/	
lead-aeb99b23e1	維新塾	学習塾	confirmed	http://ishinjuku.com/	
anne-6c720b6946	英会話ラボ ANNE	英会話教室	confirmed	https://www.1anne.jp/	
nature-house-international-c-581bc51436	Nature House International Club	英会話教室	confirmed	https://www.naturehouseinternational.com/	
lead-ec6ca28e49	ミック イングリッシュ リトミック 西宮教室	英会話教室	unconfirmed		
555-7731baeb78	555英会話 西宮北口校	英会話教室	confirmed	https://www.555eikaiwa.com/	阪急西宮北口駅東出口徒歩1分 原田ビル4
lead-a95129812c	立教学習院 甲子園	学習塾	confirmed	https://e-rikkyo.jp/	兵庫県西宮市甲子園浦風町19-4 萬成商